PRECINCT CODE,PRECINCT NAME,REGISTERED VOTERS TOTAL,BALLOTS CAST TOTAL,BALLOTS CAST BLANK,For Presidential Electors for President and Vice-President,For Presidential Electors for President and Vice-President,For Presidential Electors for President and Vice-President,For Presidential Electors for President and Vice-President,For Presidential Electors for President and Vice-President,For United States Representative 2nd District,For United States Representative 2nd District,For United States Representative 2nd District,For United States Representative 2nd District,For State Senator 3rd District,For State Senator 3rd District,For State Senator 3rd District,For State Senator 18th District,For State Senator 18th District,For State Senator 18th District,For State Senator 19th District,For State Senator 19th District,For State Senator 19th District,For State Senator 20th District,For State Senator 20th District,For State Senator 20th District,For State Representative 50th District,For State Representative 50th District,For State Representative 50th District,For State Representative 52nd District,For State Representative 52nd District,For State Representative 52nd District,For State Representative 53rd District,For State Representative 53rd District,For State Representative 53rd District,For State Representative 53rd District,For State Representative 54th District,For State Representative 54th District,For State Representative 54th District,For State Representative 55th District,For State Representative 55th District,For State Representative 55th District,For State Representative 56th District,For State Representative 56th District,For State Representative 56th District,For State Representative 57th District,For State Representative 57th District,For State Representative 57th District,For State Representative 58th District,For State Representative 58th District,For State Representative 58th District,For State Board of Education 4th District,For State Board of Education 4th District,For State Board of Education 4th District,For State Board of Education 6th District,For State Board of Education 6th District,For State Board of Education 6th District,For District Attorney 3rd District,For District Attorney 3rd District,For County Commissioner 2nd District,For County Commissioner 2nd District,For County Commissioner 2nd District,For County Commissioner 3rd District,For County Commissioner 3rd District,For County Clerk,For County Clerk,For County Clerk,For County Treasurer,For County Treasurer,For County Treasurer,For County Register of Deeds,For County Register of Deeds,For County Sheriff,For County Sheriff,For Township Trustee Auburn Township,For Township Trustee Auburn Township,For Township Trustee Dover Township,For Township Trustee Dover Township,For Township Trustee Grove Township,For Township Trustee Grove Township,For Township Trustee Menoken Township,For Township Trustee Menoken Township,For Township Trustee Mission Township,For Township Trustee Mission Township,For Township Trustee Monmouth Township,For Township Trustee Monmouth Township,For Township Trustee Rossville Township,For Township Trustee Rossville Township,For Township Trustee Silver Lake Township,For Township Trustee Silver Lake Township,For Township Trustee Soldier Township,For Township Trustee Soldier Township,For Township Trustee Tecumseh Township,For Township Trustee Tecumseh Township,For Township Trustee Topeka Township,For Township Trustee Topeka Township,For Township Trustee Williamsport Township,For Township Trustee Williamsport Township,For Township Treasurer Auburn Township,For Township Treasurer Auburn Township,For Township Treasurer Dover Township,For Township Treasurer Dover Township,For Township Treasurer Grove Township,For Township Treasurer Grove Township,For Township Treasurer Menoken Township,For Township Treasurer Menoken Township,For Township Treasurer Mission Township,For Township Treasurer Mission Township,For Township Treasurer Monmouth Township,For Township Treasurer Monmouth Township,For Township Treasurer Rossville Township,For Township Treasurer Rossville Township,For Township Treasurer Silver Lake Township,For Township Treasurer Silver Lake Township,For Township Treasurer Soldier Township,For Township Treasurer Soldier Township,For Township Treasurer Soldier Township,For Township Treasurer Tecumseh Township,For Township Treasurer Tecumseh Township,For Township Treasurer Topeka Township,For Township Treasurer Topeka Township,For Township Treasurer Williamsport Township,For Township Treasurer Williamsport Township,"Unified School District No. 340, Jefferson County, Kansas (Jefferson West) USD 340","Unified School District No. 340, Jefferson County, Kansas (Jefferson West) USD 341"
,,,,,DEM Harris and Walz,REP Trump and Vance,LIB Oliver and ter Maat,IND Kennedy Jr. and Shanahan,Write-in,DEM Nancy Boyda,REP Derek Schmidt,LIB John Hauer,Write-in,DEM Dena Sattler,REP Rick Kloos,Write-in,DEM Matthew Robin,REP Kenny Titus,Write-in,DEM Patrick Schmidt,REP Tyler Wible,Write-in,DEM Candace L. Ayars,REP Brenda S. Dietrich,Write-in,"DEM Jessica ""JP"" Porter",REP Kyle McNorton,Write-in,DEM Jacquie Whitney Lightcap,REP Jesse Borjon,Write-in,DEM Kirk R. Haskins,REP Jeff Coen,LIB Aric Hermann,Write-in,DEM Jade Pearson Ramsdell,REP Ken Corbet,Write-in,DEM Tobias Schlingensiepen,REP Michael Barron,Write-in,DEM Virgil Weigel,REP Pennie Boyer-Kloos,Write-in,DEM John Alcala,REP Donna J. McGinty,Write-in,DEM Alexis Simmons,REP Michael Mathewson,Write-in,DEM Kris Meyer,REP Connie O'Brien,Write-in,DEM Beryl Ann New,REP Bruce Schultz,Write-in,REP Mike Kagay,Write-in,DEM Kevin Cook,REP Henry McClure,Write-in,REP Aaron D. Mays,Write-in,DEM Jonathan Smith,REP Lisa Schmitt,Write-in,DEM Susan Duffy,REP Angus Tucker,Write-in,REP Becky Nioce,Write-in,REP Brian C. Hill,Write-in,REP Sandy Mitchell,Write-in,REP Kevin A Thompson,Write-in,REP Dennis E. Lowry,Write-in,REP Steven Porubsky,Write-in,REP Annette Beck,Write-in,REP Gilda Singleton,Write-in,REP Jeff Wehner,Write-in,DEM Georgia A. Ransone,Write-in,REP Chad Gerhardt,Write-in,REP Roy Malloy,Write-in,REP Chad Baldwin,Write-in,REP Jay Marple,Write-in,REP Barry A. Brown,Write-in,REP Susan M Akin,Write-in,REP Jeff Shenk,Write-in,REP Jim Houchins,Write-in,REP Lane Hemsley,Write-in,REP Scott A. Deghand,Write-in,REP Cherryl D. Crow,Write-in,REP Robert K. Hughes,Write-in,REP Jerry W Glasgow,DEM Cassie Downing,Write-in,REP Chad Price,Write-in,REP Gary Jellison,Write-in,REP Bev Masters,Write-in,Yes,No
1,1 East Rossville,684,523,0,144,368,0,7,4,135,359,20,0,0,0,0,144,360,0,0,0,0,0,0,0,137,369,0,0,0,0,0,0,0,0,0,0,0,0,0,0,0,0,0,0,0,0,0,0,0,0,0,0,0,0,0,447,3,0,0,0,0,0,113,388,0,152,342,0,448,2,477,1,0,0,0,0,0,0,0,0,0,0,0,0,466,10,0,0,0,0,0,0,0,0,0,0,0,0,0,0,0,0,0,0,0,0,0,0,453,16,0,0,0,0,0,0,0,0,0,0,0,0,0
2,2 West Rossville,581,446,0,102,330,3,3,4,96,321,19,0,0,0,0,96,327,0,0,0,0,0,0,0,93,328,0,0,0,0,0,0,0,0,0,0,0,0,0,0,0,0,0,0,0,0,0,0,0,0,0,0,0,0,0,383,2,0,0,0,0,0,82,336,0,105,312,0,378,0,390,1,0,0,0,0,0,0,0,0,0,0,0,0,377,10,0,0,0,0,0,0,0,0,0,0,0,0,0,0,0,0,0,0,0,0,0,0,380,4,0,0,0,0,0,0,0,0,0,0,0,0,0
9,9 East Silver Lake,850,669,1,213,439,4,11,0,220,395,29,1,0,0,0,205,422,1,0,0,0,0,0,0,214,428,2,0,0,0,0,0,0,0,0,0,0,0,0,0,0,0,0,0,0,0,0,0,0,0,0,0,0,0,0,551,12,0,0,0,0,0,181,451,1,241,388,2,556,7,561,7,0,0,0,0,0,0,0,0,0,0,0,0,0,0,463,47,0,0,0,0,0,0,0,0,0,0,0,0,0,0,0,0,0,0,0,0,0,0,555,12,0,0,0,0,0,0,0,0,0,0,0
10,10 West Silver Lake,541,440,0,162,267,1,7,1,160,239,30,0,0,0,0,159,262,0,0,0,0,0,0,0,168,254,0,0,0,0,0,0,0,0,0,0,0,0,0,0,0,0,0,0,0,0,0,0,0,0,0,0,0,0,0,365,13,0,0,0,0,0,139,276,0,185,229,0,363,7,380,5,0,0,0,0,0,0,0,0,0,0,0,0,0,0,322,24,0,0,0,0,0,0,0,0,0,0,0,0,0,0,0,0,0,0,0,0,0,0,375,11,0,0,0,0,0,0,0,0,0,0,0
12,12 Grove,556,460,0,101,353,0,5,1,86,343,17,0,0,0,0,85,348,0,0,0,0,0,0,0,90,346,0,0,0,0,0,0,0,0,0,0,0,0,0,0,0,0,0,0,0,0,0,0,0,0,0,0,0,0,0,391,9,0,0,0,0,0,74,360,0,108,321,0,399,4,407,8,0,0,0,0,406,10,0,0,0,0,0,0,0,0,0,0,0,0,0,0,0,0,0,0,0,0,0,0,411,6,0,0,0,0,0,0,0,0,0,0,0,0,0,0,0,0,0,0,0,0,0
14,14 Kiro,735,615,0,193,395,5,13,7,186,385,30,0,0,0,0,187,393,0,0,0,0,0,0,0,171,422,0,0,0,0,0,0,0,0,0,0,0,0,0,0,0,0,0,0,0,0,0,0,0,0,0,0,0,0,0,505,13,0,0,0,0,0,157,426,0,214,375,0,508,6,514,6,0,0,0,0,0,0,498,16,0,0,0,0,0,0,0,0,0,0,0,0,0,0,0,0,0,0,0,0,0,0,502,8,0,0,0,0,0,0,0,0,0,0,0,0,0,0,0,0,0,0,0
15,15 Messhoss Creek,542,443,0,120,306,1,7,5,125,286,24,0,0,0,0,109,312,0,0,0,0,0,0,0,114,315,0,0,0,0,0,0,0,0,0,0,0,0,0,0,0,0,0,0,0,0,0,0,0,0,0,0,0,0,0,359,13,0,0,0,0,0,96,322,0,139,278,1,363,5,358,9,0,0,0,0,0,0,371,8,0,0,0,0,0,0,0,0,0,0,0,0,0,0,0,0,0,0,0,0,0,0,368,5,0,0,0,0,0,0,0,0,0,0,0,0,0,0,0,0,0,0,0
16,16 SE Kiro,0,0,0,0,0,0,0,0,0,0,0,0,0,0,0,0,0,0,0,0,0,0,0,0,0,0,0,0,0,0,0,0,0,0,0,0,0,0,0,0,0,0,0,0,0,0,0,0,0,0,0,0,0,0,0,0,0,0,0,0,0,0,0,0,0,0,0,0,0,0,0,0,0,0,0,0,0,0,0,0,0,0,0,0,0,0,0,0,0,0,0,0,0,0,0,0,0,0,0,0,0,0,0,0,0,0,0,0,0,0,0,0,0,0,0,0,0,0,0,0,0,0,0
17,17 Croco,3,,redacted per KSA 25-2701(a)(2),redacted per KSA 25-2701(a)(2),redacted per KSA 25-2701(a)(2),redacted per KSA 25-2701(a)(2),redacted per KSA 25-2701(a)(2),redacted per KSA 25-2701(a)(2),redacted per KSA 25-2701(a)(2),redacted per KSA 25-2701(a)(2),redacted per KSA 25-2701(a)(2),redacted per KSA 25-2701(a)(2),redacted per KSA 25-2701(a)(2),redacted per KSA 25-2701(a)(2),redacted per KSA 25-2701(a)(2),redacted per KSA 25-2701(a)(2),redacted per KSA 25-2701(a)(2),redacted per KSA 25-2701(a)(2),redacted per KSA 25-2701(a)(2),redacted per KSA 25-2701(a)(2),redacted per KSA 25-2701(a)(2),redacted per KSA 25-2701(a)(2),redacted per KSA 25-2701(a)(2),redacted per KSA 25-2701(a)(2),redacted per KSA 25-2701(a)(2),redacted per KSA 25-2701(a)(2),redacted per KSA 25-2701(a)(2),redacted per KSA 25-2701(a)(2),redacted per KSA 25-2701(a)(2),redacted per KSA 25-2701(a)(2),redacted per KSA 25-2701(a)(2),redacted per KSA 25-2701(a)(2),redacted per KSA 25-2701(a)(2),redacted per KSA 25-2701(a)(2),redacted per KSA 25-2701(a)(2),redacted per KSA 25-2701(a)(2),redacted per KSA 25-2701(a)(2),redacted per KSA 25-2701(a)(2),redacted per KSA 25-2701(a)(2),redacted per KSA 25-2701(a)(2),redacted per KSA 25-2701(a)(2),redacted per KSA 25-2701(a)(2),redacted per KSA 25-2701(a)(2),redacted per KSA 25-2701(a)(2),redacted per KSA 25-2701(a)(2),redacted per KSA 25-2701(a)(2),redacted per KSA 25-2701(a)(2),redacted per KSA 25-2701(a)(2),redacted per KSA 25-2701(a)(2),redacted per KSA 25-2701(a)(2),redacted per KSA 25-2701(a)(2),redacted per KSA 25-2701(a)(2),redacted per KSA 25-2701(a)(2),redacted per KSA 25-2701(a)(2),redacted per KSA 25-2701(a)(2),redacted per KSA 25-2701(a)(2),redacted per KSA 25-2701(a)(2),redacted per KSA 25-2701(a)(2),redacted per KSA 25-2701(a)(2),redacted per KSA 25-2701(a)(2),redacted per KSA 25-2701(a)(2),redacted per KSA 25-2701(a)(2),redacted per KSA 25-2701(a)(2),redacted per KSA 25-2701(a)(2),redacted per KSA 25-2701(a)(2),redacted per KSA 25-2701(a)(2),redacted per KSA 25-2701(a)(2),redacted per KSA 25-2701(a)(2),redacted per KSA 25-2701(a)(2),redacted per KSA 25-2701(a)(2),redacted per KSA 25-2701(a)(2),redacted per KSA 25-2701(a)(2),redacted per KSA 25-2701(a)(2),redacted per KSA 25-2701(a)(2),redacted per KSA 25-2701(a)(2),redacted per KSA 25-2701(a)(2),redacted per KSA 25-2701(a)(2),redacted per KSA 25-2701(a)(2),redacted per KSA 25-2701(a)(2),redacted per KSA 25-2701(a)(2),redacted per KSA 25-2701(a)(2),redacted per KSA 25-2701(a)(2),redacted per KSA 25-2701(a)(2),redacted per KSA 25-2701(a)(2),redacted per KSA 25-2701(a)(2),redacted per KSA 25-2701(a)(2),redacted per KSA 25-2701(a)(2),redacted per KSA 25-2701(a)(2),redacted per KSA 25-2701(a)(2),redacted per KSA 25-2701(a)(2),redacted per KSA 25-2701(a)(2),redacted per KSA 25-2701(a)(2),redacted per KSA 25-2701(a)(2),redacted per KSA 25-2701(a)(2),redacted per KSA 25-2701(a)(2),redacted per KSA 25-2701(a)(2),redacted per KSA 25-2701(a)(2),redacted per KSA 25-2701(a)(2),redacted per KSA 25-2701(a)(2),redacted per KSA 25-2701(a)(2),redacted per KSA 25-2701(a)(2),redacted per KSA 25-2701(a)(2),redacted per KSA 25-2701(a)(2),redacted per KSA 25-2701(a)(2),redacted per KSA 25-2701(a)(2),redacted per KSA 25-2701(a)(2),redacted per KSA 25-2701(a)(2),redacted per KSA 25-2701(a)(2),redacted per KSA 25-2701(a)(2),redacted per KSA 25-2701(a)(2),redacted per KSA 25-2701(a)(2),redacted per KSA 25-2701(a)(2),redacted per KSA 25-2701(a)(2),redacted per KSA 25-2701(a)(2),redacted per KSA 25-2701(a)(2),redacted per KSA 25-2701(a)(2),redacted per KSA 25-2701(a)(2),redacted per KSA 25-2701(a)(2),redacted per KSA 25-2701(a)(2),redacted per KSA 25-2701(a)(2),redacted per KSA 25-2701(a)(2),redacted per KSA 25-2701(a)(2),redacted per KSA 25-2701(a)(2)
18,18 Flathead,0,0,0,0,0,0,0,0,0,0,0,0,0,0,0,0,0,0,0,0,0,0,0,0,0,0,0,0,0,0,0,0,0,0,0,0,0,0,0,0,0,0,0,0,0,0,0,0,0,0,0,0,0,0,0,0,0,0,0,0,0,0,0,0,0,0,0,0,0,0,0,0,0,0,0,0,0,0,0,0,0,0,0,0,0,0,0,0,0,0,0,0,0,0,0,0,0,0,0,0,0,0,0,0,0,0,0,0,0,0,0,0,0,0,0,0,0,0,0,0,0,0,0
21,21 Urban Hills,19,,redacted per KSA 25-2701(a)(2),redacted per KSA 25-2701(a)(2),redacted per KSA 25-2701(a)(2),redacted per KSA 25-2701(a)(2),redacted per KSA 25-2701(a)(2),redacted per KSA 25-2701(a)(2),redacted per KSA 25-2701(a)(2),redacted per KSA 25-2701(a)(2),redacted per KSA 25-2701(a)(2),redacted per KSA 25-2701(a)(2),redacted per KSA 25-2701(a)(2),redacted per KSA 25-2701(a)(2),redacted per KSA 25-2701(a)(2),redacted per KSA 25-2701(a)(2),redacted per KSA 25-2701(a)(2),redacted per KSA 25-2701(a)(2),redacted per KSA 25-2701(a)(2),redacted per KSA 25-2701(a)(2),redacted per KSA 25-2701(a)(2),redacted per KSA 25-2701(a)(2),redacted per KSA 25-2701(a)(2),redacted per KSA 25-2701(a)(2),redacted per KSA 25-2701(a)(2),redacted per KSA 25-2701(a)(2),redacted per KSA 25-2701(a)(2),redacted per KSA 25-2701(a)(2),redacted per KSA 25-2701(a)(2),redacted per KSA 25-2701(a)(2),redacted per KSA 25-2701(a)(2),redacted per KSA 25-2701(a)(2),redacted per KSA 25-2701(a)(2),redacted per KSA 25-2701(a)(2),redacted per KSA 25-2701(a)(2),redacted per KSA 25-2701(a)(2),redacted per KSA 25-2701(a)(2),redacted per KSA 25-2701(a)(2),redacted per KSA 25-2701(a)(2),redacted per KSA 25-2701(a)(2),redacted per KSA 25-2701(a)(2),redacted per KSA 25-2701(a)(2),redacted per KSA 25-2701(a)(2),redacted per KSA 25-2701(a)(2),redacted per KSA 25-2701(a)(2),redacted per KSA 25-2701(a)(2),redacted per KSA 25-2701(a)(2),redacted per KSA 25-2701(a)(2),redacted per KSA 25-2701(a)(2),redacted per KSA 25-2701(a)(2),redacted per KSA 25-2701(a)(2),redacted per KSA 25-2701(a)(2),redacted per KSA 25-2701(a)(2),redacted per KSA 25-2701(a)(2),redacted per KSA 25-2701(a)(2),redacted per KSA 25-2701(a)(2),redacted per KSA 25-2701(a)(2),redacted per KSA 25-2701(a)(2),redacted per KSA 25-2701(a)(2),redacted per KSA 25-2701(a)(2),redacted per KSA 25-2701(a)(2),redacted per KSA 25-2701(a)(2),redacted per KSA 25-2701(a)(2),redacted per KSA 25-2701(a)(2),redacted per KSA 25-2701(a)(2),redacted per KSA 25-2701(a)(2),redacted per KSA 25-2701(a)(2),redacted per KSA 25-2701(a)(2),redacted per KSA 25-2701(a)(2),redacted per KSA 25-2701(a)(2),redacted per KSA 25-2701(a)(2),redacted per KSA 25-2701(a)(2),redacted per KSA 25-2701(a)(2),redacted per KSA 25-2701(a)(2),redacted per KSA 25-2701(a)(2),redacted per KSA 25-2701(a)(2),redacted per KSA 25-2701(a)(2),redacted per KSA 25-2701(a)(2),redacted per KSA 25-2701(a)(2),redacted per KSA 25-2701(a)(2),redacted per KSA 25-2701(a)(2),redacted per KSA 25-2701(a)(2),redacted per KSA 25-2701(a)(2),redacted per KSA 25-2701(a)(2),redacted per KSA 25-2701(a)(2),redacted per KSA 25-2701(a)(2),redacted per KSA 25-2701(a)(2),redacted per KSA 25-2701(a)(2),redacted per KSA 25-2701(a)(2),redacted per KSA 25-2701(a)(2),redacted per KSA 25-2701(a)(2),redacted per KSA 25-2701(a)(2),redacted per KSA 25-2701(a)(2),redacted per KSA 25-2701(a)(2),redacted per KSA 25-2701(a)(2),redacted per KSA 25-2701(a)(2),redacted per KSA 25-2701(a)(2),redacted per KSA 25-2701(a)(2),redacted per KSA 25-2701(a)(2),redacted per KSA 25-2701(a)(2),redacted per KSA 25-2701(a)(2),redacted per KSA 25-2701(a)(2),redacted per KSA 25-2701(a)(2),redacted per KSA 25-2701(a)(2),redacted per KSA 25-2701(a)(2),redacted per KSA 25-2701(a)(2),redacted per KSA 25-2701(a)(2),redacted per KSA 25-2701(a)(2),redacted per KSA 25-2701(a)(2),redacted per KSA 25-2701(a)(2),redacted per KSA 25-2701(a)(2),redacted per KSA 25-2701(a)(2),redacted per KSA 25-2701(a)(2),redacted per KSA 25-2701(a)(2),redacted per KSA 25-2701(a)(2),redacted per KSA 25-2701(a)(2),redacted per KSA 25-2701(a)(2),redacted per KSA 25-2701(a)(2),redacted per KSA 25-2701(a)(2),redacted per KSA 25-2701(a)(2),redacted per KSA 25-2701(a)(2),redacted per KSA 25-2701(a)(2),redacted per KSA 25-2701(a)(2)
22,22 Little Muddy Creek,450,361,0,116,237,1,5,2,113,236,7,0,0,0,0,106,245,0,0,0,0,0,0,0,106,251,0,0,0,0,0,0,0,0,0,0,0,0,0,0,0,0,0,0,0,0,0,0,0,0,0,0,0,0,0,275,7,123,222,2,0,0,94,254,0,132,213,1,294,4,290,5,0,0,0,0,0,0,0,0,0,0,0,0,0,0,0,0,286,3,0,0,0,0,0,0,0,0,0,0,0,0,0,0,0,0,0,0,0,0,0,0,224,92,0,0,0,0,0,0,0,0,0
24,24 Sac,813,634,0,214,398,5,13,2,206,370,48,0,0,0,0,208,401,0,0,0,0,0,0,0,218,403,0,0,0,0,0,0,0,0,0,0,0,0,0,0,0,0,0,0,0,0,0,0,0,0,0,0,0,0,0,512,11,241,374,2,0,0,191,419,0,240,369,0,526,6,522,6,0,0,0,0,0,0,0,0,0,0,0,0,0,0,0,0,522,9,0,0,0,0,0,0,0,0,0,0,0,0,0,0,0,0,0,0,0,0,0,0,383,184,0,0,0,0,0,0,0,0,0
25,25 Sherman,716,566,0,193,356,3,8,3,182,326,41,1,0,0,0,171,358,1,0,0,0,0,0,0,179,365,1,0,0,0,0,0,0,0,0,0,0,0,0,0,0,0,0,0,0,0,0,0,0,0,0,0,0,0,0,449,8,210,328,1,0,0,150,386,1,203,334,1,454,5,437,7,0,0,0,0,0,0,0,0,0,0,0,0,0,0,0,0,442,6,0,0,0,0,0,0,0,0,0,0,0,0,0,0,0,0,0,0,0,0,0,0,332,160,1,0,0,0,0,0,0,0,0
26,26 Iroquois,955,710,0,293,394,2,14,4,278,382,33,1,0,0,0,272,405,2,0,0,0,0,0,0,266,418,2,0,0,0,0,0,0,0,0,0,0,0,0,0,0,0,0,0,0,0,0,0,0,0,0,0,0,0,0,570,6,311,371,4,0,0,253,427,1,305,367,5,563,8,555,6,0,0,0,0,0,0,0,0,0,0,0,0,0,0,0,0,552,8,0,0,0,0,0,0,0,0,0,0,0,0,0,0,0,0,0,0,0,0,0,0,398,236,4,0,0,0,0,0,0,0,0
28,28 West Wichita,585,458,0,166,272,1,11,5,168,249,28,0,0,0,0,159,280,0,0,0,0,0,0,0,162,283,0,0,0,0,0,0,0,0,0,0,0,0,0,0,0,0,0,0,0,0,0,0,0,0,0,0,0,0,0,372,13,0,0,0,0,0,143,296,0,188,251,0,376,6,380,6,0,0,0,0,0,0,0,0,0,0,0,0,0,0,0,0,368,8,0,0,0,0,0,0,0,0,0,0,0,0,0,0,0,0,0,0,0,0,0,0,289,148,1,0,0,0,0,0,0,0,0
29,29 Indianola,742,574,0,229,330,5,4,1,220,320,18,1,0,0,0,201,343,1,0,0,0,0,0,0,211,351,0,0,0,0,0,0,0,0,0,0,0,0,0,0,0,0,0,0,0,0,0,0,0,0,0,0,0,0,0,467,13,0,0,0,0,0,167,381,1,239,309,0,466,6,472,8,0,0,0,0,0,0,0,0,0,0,0,0,0,0,0,0,471,4,0,0,0,0,0,0,0,0,0,0,0,0,0,0,0,0,0,0,0,0,0,0,372,183,0,0,0,0,0,0,0,0,0
30,30 Apache,717,589,0,219,350,8,8,2,210,320,41,0,0,0,0,202,353,0,0,0,0,0,0,0,203,368,0,0,0,0,0,0,0,0,0,0,0,0,0,0,0,0,0,0,0,0,0,0,0,0,0,0,0,0,0,469,12,230,327,0,0,0,178,373,0,232,321,1,468,7,467,8,0,0,0,0,0,0,0,0,0,0,0,0,0,0,0,0,465,5,0,0,0,0,0,0,0,0,0,0,0,0,0,0,0,0,0,0,0,0,0,0,345,169,0,0,0,0,0,0,0,0,0
31,31 East Wichita,1068,841,0,342,481,3,7,5,324,456,45,0,0,0,0,302,494,1,0,0,0,0,0,0,323,490,1,0,0,0,0,0,0,0,0,0,0,0,0,0,0,0,0,0,0,0,0,0,0,0,0,0,0,0,0,667,27,0,0,0,0,0,261,542,0,346,455,1,668,17,674,15,0,0,0,0,0,0,0,0,0,0,0,0,0,0,0,0,655,18,0,0,0,0,0,0,0,0,0,0,0,0,0,0,0,0,0,0,0,0,0,0,512,292,0,0,0,0,0,0,0,0,0
32,32 Fox,823,681,0,167,493,8,9,3,165,469,41,1,0,0,0,158,500,1,0,0,0,0,0,0,156,515,2,0,0,0,0,0,0,0,0,0,0,0,0,0,0,0,0,0,0,0,0,0,0,0,0,0,0,0,0,569,17,202,458,1,0,0,146,514,2,200,460,1,575,12,576,11,0,0,0,0,0,0,0,0,0,0,0,0,0,0,0,0,570,15,0,0,0,0,0,0,0,0,0,0,0,0,0,0,0,0,0,0,0,0,0,0,455,162,2,0,0,0,0,0,0,52,39
33,33 Elmont,1086,881,0,314,544,2,15,5,313,510,37,1,0,0,0,292,547,0,0,0,0,0,0,0,293,564,0,0,0,0,0,0,0,0,0,0,0,0,0,0,0,0,0,0,0,0,0,0,0,0,0,0,0,0,0,699,27,352,497,1,0,0,267,582,1,340,502,1,709,14,705,17,0,0,0,0,0,0,0,0,0,0,0,0,0,0,0,0,706,15,0,0,0,0,0,0,0,0,0,0,0,0,0,0,0,0,0,0,0,0,0,0,553,259,1,0,0,0,0,0,0,0,0
34,34 Kilmer,224,180,0,47,128,0,2,1,51,116,11,0,0,0,0,44,123,0,0,0,0,0,0,0,45,130,0,0,0,0,0,0,0,0,0,0,0,0,0,0,0,0,0,0,0,0,0,0,0,0,0,0,0,0,0,153,2,60,112,0,0,0,40,130,1,53,115,0,147,2,149,1,0,0,0,0,0,0,0,0,0,0,0,0,0,0,0,0,141,2,0,0,0,0,0,0,0,0,0,0,0,0,0,0,0,0,0,0,0,0,0,0,124,40,0,0,0,0,0,0,0,34,30
35,35 Rochester,716,551,0,181,349,5,12,0,167,324,43,1,0,0,0,174,346,1,0,0,0,0,0,0,173,365,1,0,0,0,0,0,0,0,0,0,0,0,0,0,0,0,0,0,0,0,0,0,0,0,0,0,0,0,0,451,15,0,0,0,0,0,154,374,1,210,324,2,455,8,460,10,0,0,0,0,0,0,0,0,0,0,0,0,0,0,0,0,453,8,0,0,0,0,0,0,0,0,0,0,0,0,0,0,0,0,0,0,0,0,0,0,377,152,1,0,0,0,0,0,0,0,0
36,36 East Soldier,804,638,1,271,350,0,7,4,272,321,34,0,0,0,0,267,342,1,0,0,0,0,0,0,270,349,2,0,0,0,0,0,0,0,0,0,0,0,0,0,0,0,0,0,0,0,0,0,0,0,0,0,0,0,0,481,12,281,330,0,0,0,239,371,1,293,317,0,478,9,482,8,0,0,0,0,0,0,0,0,0,0,0,0,0,0,0,0,471,10,0,0,0,0,0,0,0,0,0,0,0,0,0,0,0,0,0,0,0,0,0,0,333,222,3,0,0,0,0,0,0,0,0
37,37 Whitfield,605,461,0,172,273,2,9,3,169,248,34,0,0,0,0,167,275,0,0,0,0,0,0,0,154,291,0,0,0,0,0,0,0,0,0,0,0,0,0,0,0,0,0,0,0,0,0,0,0,0,0,0,0,0,0,365,13,0,0,0,0,0,152,292,0,193,245,0,363,7,370,10,0,0,0,0,0,0,0,0,0,0,0,0,0,0,0,0,365,8,0,0,0,0,0,0,0,0,0,0,0,0,0,0,0,0,0,0,0,0,0,0,283,160,0,0,0,0,0,0,0,0,0
38,38 Sioux,642,501,0,183,305,1,10,1,180,282,34,0,0,0,0,169,317,0,0,0,0,0,0,0,167,325,0,0,0,0,0,0,0,0,0,0,0,0,0,0,0,0,0,0,0,0,0,0,0,0,0,0,0,0,0,411,9,197,290,2,0,0,162,326,0,208,280,0,409,5,408,5,0,0,0,0,0,0,0,0,0,0,0,0,0,0,0,0,404,14,0,0,0,0,0,0,0,0,0,0,0,0,0,0,0,0,0,0,0,0,0,0,301,146,0,0,0,0,0,0,0,0,0
39,39 Pottawatomie,824,624,0,252,354,2,11,2,239,340,37,1,0,0,0,248,355,1,0,0,0,0,0,0,244,362,3,0,0,0,0,0,0,0,0,0,0,0,0,0,0,0,0,0,0,0,0,0,0,0,0,0,0,0,0,492,15,289,318,1,0,0,215,388,1,292,312,1,492,13,498,11,0,0,0,0,0,0,0,0,0,0,0,0,0,0,0,0,493,9,0,0,0,0,0,0,0,0,0,0,0,0,0,0,0,0,0,0,0,0,0,0,362,202,1,0,0,0,0,0,0,0,0
40,40 Stinson Creek,277,230,0,117,111,0,1,1,114,106,8,0,111,116,0,0,0,0,0,0,0,0,0,0,0,0,0,0,0,0,0,0,0,0,113,113,0,0,0,0,0,0,0,0,0,0,0,0,0,110,113,0,0,0,0,172,8,123,102,0,0,0,101,121,1,121,100,0,170,7,170,7,0,0,0,0,0,0,0,0,0,0,0,0,0,0,0,0,0,0,167,5,0,0,0,0,0,0,0,0,0,0,0,0,0,0,0,0,0,0,0,0,0,0,0,167,9,0,0,0,0,0,0
41,41 North Tecumseh,649,474,0,215,248,1,6,3,213,239,19,1,0,0,0,0,0,0,212,249,2,0,0,0,0,0,0,0,0,0,0,0,0,0,201,256,2,0,0,0,0,0,0,0,0,0,0,0,0,0,0,0,211,246,2,356,18,218,243,1,0,0,192,266,1,225,233,1,381,9,371,15,0,0,0,0,0,0,0,0,0,0,0,0,0,0,0,0,0,0,375,12,0,0,0,0,0,0,0,0,0,0,0,0,0,0,0,0,0,0,0,0,0,0,0,366,11,0,0,0,0,0,0
42,42 South Tecumseh,587,460,0,203,247,5,3,2,196,240,16,0,198,249,0,0,0,0,0,0,0,0,0,0,0,0,0,0,0,0,0,0,0,0,0,0,0,0,0,0,0,0,0,0,0,0,203,239,0,186,253,1,0,0,0,343,9,0,0,0,342,15,171,269,1,214,223,0,353,9,350,10,0,0,0,0,0,0,0,0,0,0,0,0,0,0,0,0,0,0,342,9,0,0,0,0,0,0,0,0,0,0,0,0,0,0,0,0,0,0,0,0,0,0,0,338,8,0,0,0,0,0,0
43,43 Pawnee,765,615,0,234,366,0,7,5,237,352,19,1,238,369,1,0,0,0,0,0,0,0,0,0,0,0,0,0,0,0,0,0,0,0,224,376,1,0,0,0,0,0,0,0,0,0,0,0,0,217,373,1,0,0,0,485,16,250,345,2,0,0,199,392,1,249,345,1,495,11,488,10,0,0,0,0,0,0,0,0,0,0,0,0,0,0,0,0,0,0,489,10,0,0,0,0,0,0,0,0,0,0,0,0,0,0,0,0,0,0,0,0,0,0,0,485,12,0,0,0,0,0,0
44,44 Kaw,732,583,0,205,360,2,8,7,189,335,41,1,0,0,0,0,0,0,214,341,1,0,0,0,0,0,0,0,0,0,0,0,0,0,201,356,1,0,0,0,0,0,0,0,0,0,0,0,0,0,0,0,222,328,1,464,17,217,332,3,0,0,182,374,1,217,336,1,468,14,465,16,0,0,0,0,0,0,0,0,0,0,0,0,0,0,0,0,0,0,447,13,0,0,0,0,0,0,0,0,0,0,0,0,0,0,0,0,0,0,0,0,0,0,0,448,13,0,0,0,0,0,0
45,45 Peck,444,348,0,172,159,4,8,2,167,156,20,0,161,181,0,0,0,0,0,0,0,0,0,0,0,0,0,0,0,0,0,0,0,0,0,0,0,0,0,0,0,0,0,183,157,0,0,0,0,151,186,1,0,0,0,264,9,177,161,1,0,0,144,193,0,187,151,0,265,4,264,5,0,0,0,0,0,0,0,0,0,0,0,0,0,0,0,0,0,0,261,2,0,0,0,0,0,0,0,0,0,0,0,0,0,0,0,0,0,0,0,0,0,0,0,259,3,0,0,0,0,0,0
46,46 East Peck,450,359,0,150,198,0,6,3,137,190,26,0,144,205,0,0,0,0,0,0,0,0,0,0,0,0,0,0,0,0,0,0,0,0,0,0,0,0,0,0,0,0,0,161,186,0,0,0,0,135,206,0,0,0,0,285,7,147,191,0,0,0,127,213,0,149,189,0,281,5,276,4,0,0,0,0,0,0,0,0,0,0,0,0,0,0,0,0,0,0,273,6,0,0,0,0,0,0,0,0,0,0,0,0,0,0,0,0,0,0,0,0,0,0,0,273,5,0,0,0,0,0,0
47,47 Kiowa,994,798,0,385,387,9,12,1,383,361,41,0,383,403,0,0,0,0,0,0,0,0,0,0,0,0,0,0,0,0,0,0,0,0,0,0,0,0,0,0,0,0,0,0,0,0,416,351,0,375,389,1,0,0,0,585,23,0,0,0,578,17,333,437,0,413,357,1,581,16,578,20,0,0,0,0,0,0,0,0,0,0,0,0,0,0,0,0,0,0,565,19,0,0,0,0,0,0,0,0,0,0,0,0,0,0,0,0,0,0,0,0,0,0,0,563,17,0,0,0,0,0,0
48,48 Cheyenne,761,584,0,253,308,4,15,4,236,300,35,0,254,308,0,0,0,0,0,0,0,0,0,0,0,0,0,0,0,0,0,0,0,0,0,0,0,0,0,0,0,0,0,260,300,0,0,0,0,237,312,0,0,0,0,432,16,258,301,1,0,0,217,332,1,268,289,0,432,10,433,12,0,0,0,0,0,0,0,0,0,0,0,0,0,0,0,0,0,0,418,11,0,0,0,0,0,0,0,0,0,0,0,0,0,0,0,0,0,0,0,0,0,0,0,414,10,0,0,0,0,0,0
49,49 Ponca,435,339,0,162,162,1,7,4,162,157,16,0,167,169,0,0,0,0,0,0,0,0,0,0,0,0,0,0,0,0,0,0,0,0,0,0,0,0,0,0,0,0,0,0,0,0,166,163,0,155,173,0,0,0,0,264,9,0,0,0,261,5,135,198,0,168,164,0,266,4,268,3,0,0,0,0,0,0,0,0,0,0,0,0,0,0,0,0,0,0,265,4,0,0,0,0,0,0,0,0,0,0,0,0,0,0,0,0,0,0,0,0,0,0,0,261,4,0,0,0,0,0,0
50,50 North Potter,0,0,0,0,0,0,0,0,0,0,0,0,0,0,0,0,0,0,0,0,0,0,0,0,0,0,0,0,0,0,0,0,0,0,0,0,0,0,0,0,0,0,0,0,0,0,0,0,0,0,0,0,0,0,0,0,0,0,0,0,0,0,0,0,0,0,0,0,0,0,0,0,0,0,0,0,0,0,0,0,0,0,0,0,0,0,0,0,0,0,0,0,0,0,0,0,0,0,0,0,0,0,0,0,0,0,0,0,0,0,0,0,0,0,0,0,0,0,0,0,0,0,0
51,51 Channel,0,0,0,0,0,0,0,0,0,0,0,0,0,0,0,0,0,0,0,0,0,0,0,0,0,0,0,0,0,0,0,0,0,0,0,0,0,0,0,0,0,0,0,0,0,0,0,0,0,0,0,0,0,0,0,0,0,0,0,0,0,0,0,0,0,0,0,0,0,0,0,0,0,0,0,0,0,0,0,0,0,0,0,0,0,0,0,0,0,0,0,0,0,0,0,0,0,0,0,0,0,0,0,0,0,0,0,0,0,0,0,0,0,0,0,0,0,0,0,0,0,0,0
52,52 Deer Creek,32,30,0,14,15,0,1,0,14,14,0,0,13,17,0,0,0,0,0,0,0,0,0,0,0,0,0,0,0,0,0,0,0,0,0,0,0,0,0,0,0,0,0,0,0,0,13,17,0,12,16,0,0,0,0,26,1,0,0,0,26,0,9,20,0,12,17,0,26,0,26,0,0,0,0,0,0,0,0,0,0,0,0,0,0,0,0,0,0,0,0,0,21,0,0,0,0,0,0,0,0,0,0,0,0,0,0,0,0,0,0,0,0,0,0,0,0,21,0,0,0,0,0
53,53 Pauline,265,208,0,84,116,3,3,2,87,99,19,0,89,113,1,0,0,0,0,0,0,0,0,0,0,0,0,0,0,0,0,0,0,0,0,0,0,0,0,0,95,108,1,0,0,0,0,0,0,84,117,1,0,0,0,160,3,0,0,0,155,3,80,121,0,105,98,0,155,4,151,4,0,0,0,0,0,0,0,0,0,0,0,0,0,0,0,0,0,0,0,0,154,4,0,0,0,0,0,0,0,0,0,0,0,0,0,0,0,0,0,0,0,0,0,0,0,154,4,0,0,0,0
54,54 West Potter,98,77,0,18,57,0,2,0,17,51,6,1,0,0,0,0,0,0,0,0,0,13,62,1,0,0,0,0,0,0,0,0,0,0,0,0,0,0,0,0,19,53,0,0,0,0,0,0,0,0,0,0,17,55,1,68,1,0,0,0,68,1,15,59,0,19,56,0,69,1,68,3,0,0,0,0,0,0,0,0,0,0,0,0,0,0,0,0,0,0,0,0,64,1,0,0,0,0,0,0,0,0,0,0,0,0,0,0,0,0,0,0,0,0,0,0,0,64,1,0,0,0,0
55,55 Central Pauline,166,84,0,34,48,0,2,0,32,46,5,0,0,0,0,0,0,0,0,0,0,31,50,0,0,0,0,0,0,0,0,0,0,0,0,0,0,0,0,0,31,48,0,0,0,0,0,0,0,0,0,0,36,43,0,63,7,0,0,0,65,5,35,45,0,36,43,0,66,5,65,6,0,0,0,0,0,0,0,0,0,0,0,0,0,0,0,0,0,0,0,0,62,3,0,0,0,0,0,0,0,0,0,0,0,0,0,0,0,0,0,0,0,0,0,0,0,61,4,0,0,0,0
56,56 NW Monmouth,538,423,0,164,243,3,5,5,162,237,20,0,158,260,0,0,0,0,0,0,0,0,0,0,0,0,0,0,0,0,0,0,0,0,0,0,0,0,0,0,166,247,0,0,0,0,0,0,0,160,246,0,0,0,0,328,6,0,0,0,321,4,137,270,0,180,224,0,336,4,332,9,0,0,0,0,0,0,0,0,0,0,330,7,0,0,0,0,0,0,0,0,0,0,0,0,0,0,0,0,0,0,0,0,0,0,324,5,0,0,0,0,0,0,0,0,0,0,0,0,0,0,0
57,57 NE Monmouth,757,609,0,226,361,2,9,8,241,338,23,0,245,354,0,0,0,0,0,0,0,0,0,0,0,0,0,0,0,0,0,0,0,0,224,369,0,0,0,0,0,0,0,0,0,0,0,0,0,223,365,0,0,0,0,490,7,0,0,0,481,5,214,372,0,259,321,0,494,1,499,4,0,0,0,0,0,0,0,0,0,0,481,2,0,0,0,0,0,0,0,0,0,0,0,0,0,0,0,0,0,0,0,0,0,0,473,3,0,0,0,0,0,0,0,0,0,0,0,0,0,0,0
58,58 South Monmouth,957,789,0,252,518,4,11,3,260,482,35,0,269,506,2,0,0,0,0,0,0,0,0,0,0,0,0,0,0,0,0,0,0,0,256,513,0,0,0,0,0,0,0,0,0,0,0,0,0,240,521,1,0,0,0,644,17,0,0,0,634,16,224,541,0,280,481,0,661,5,656,7,0,0,0,0,0,0,0,0,0,0,636,9,0,0,0,0,0,0,0,0,0,0,0,0,0,0,0,0,0,0,0,0,0,0,633,11,0,0,0,0,0,0,0,0,0,0,0,0,0,0,0
59,59 NC Monmouth,388,323,0,97,216,2,4,3,104,198,17,0,99,217,2,0,0,0,0,0,0,0,0,0,0,0,0,0,0,0,0,0,0,0,93,223,0,0,0,0,0,0,0,0,0,0,0,0,0,88,219,1,0,0,0,273,2,0,0,0,264,4,79,225,0,108,196,0,266,3,276,4,0,0,0,0,0,0,0,0,0,0,270,4,0,0,0,0,0,0,0,0,0,0,0,0,0,0,0,0,0,0,0,0,0,0,267,3,0,0,0,0,0,0,0,0,0,0,0,0,0,0,0
62,62 Forbes,87,72,0,26,45,0,1,0,28,37,5,1,24,47,1,0,0,0,0,0,0,0,0,0,0,0,0,0,0,0,0,0,0,0,24,47,1,0,0,0,0,0,0,0,0,0,0,0,0,25,45,1,0,0,0,57,2,0,0,0,54,4,22,47,1,27,42,1,56,2,56,2,0,0,0,0,0,0,0,0,0,0,0,0,0,0,0,0,0,0,0,0,0,0,51,3,0,0,0,0,0,0,0,0,0,0,0,0,0,0,0,0,0,0,0,0,0,0,0,51,5,0,0
63,63 Montara,714,372,0,160,201,3,7,1,134,188,40,0,0,0,0,0,0,0,0,0,0,153,202,0,0,0,0,0,0,0,0,0,0,0,160,192,1,0,0,0,0,0,0,0,0,0,0,0,0,0,0,0,170,184,0,291,23,0,0,0,249,66,149,206,0,165,191,0,297,12,296,14,0,0,0,0,0,0,0,0,0,0,0,0,0,0,0,0,0,0,0,0,0,0,274,20,0,0,0,0,0,0,0,0,0,0,0,0,0,0,0,0,0,0,0,0,0,0,0,276,16,0,0
64,64 Cullen,788,409,0,173,216,6,14,0,158,180,62,1,0,0,0,0,0,0,0,0,0,160,236,1,0,0,0,0,0,0,0,0,0,0,174,217,1,0,0,0,0,0,0,0,0,0,0,0,0,0,0,0,187,207,1,329,10,0,0,0,272,72,176,220,1,188,206,1,338,5,333,7,0,0,0,0,0,0,0,0,0,0,0,0,0,0,0,0,0,0,0,0,0,0,312,10,0,0,0,0,0,0,0,0,0,0,0,0,0,0,0,0,0,0,0,0,0,0,0,313,7,0,0
65,65 Wakarusa,734,565,0,171,383,5,5,0,169,357,28,0,0,0,0,0,0,0,0,0,0,142,415,0,0,0,0,0,0,0,0,0,0,0,175,380,1,0,0,0,0,0,0,0,0,0,0,0,0,0,0,0,174,370,1,473,14,0,0,0,463,15,143,405,0,185,365,0,477,7,477,9,0,0,0,0,0,0,0,0,0,0,0,0,0,0,0,0,0,0,0,0,0,0,454,20,0,0,0,0,0,0,0,0,0,0,0,0,0,0,0,0,0,0,0,0,0,0,0,461,10,0,0
66,66 Kingston,193,151,0,54,96,1,0,0,54,91,5,0,53,96,0,0,0,0,0,0,0,0,0,0,0,0,0,0,0,0,0,0,0,0,48,99,0,0,0,0,0,0,0,0,0,0,0,0,0,51,95,0,0,0,0,118,3,0,0,0,115,5,44,102,0,54,90,0,118,2,119,2,0,0,0,0,0,0,0,0,0,0,0,0,0,0,0,0,0,0,0,0,0,0,115,5,0,0,0,0,0,0,0,0,0,0,0,0,0,0,0,0,0,0,0,0,0,0,0,118,2,0,0
72,72 City Of Auburn,794,565,0,201,341,8,12,1,182,321,49,0,0,0,0,0,0,0,0,0,0,155,392,2,0,0,0,0,0,0,0,0,0,0,198,343,3,0,0,0,0,0,0,0,0,0,0,0,0,0,0,0,191,351,2,459,16,0,0,0,0,0,167,377,2,206,338,2,464,12,471,12,482,13,0,0,0,0,0,0,0,0,0,0,0,0,0,0,0,0,0,0,0,0,0,0,455,11,0,0,0,0,0,0,0,0,0,0,0,0,0,0,0,0,0,0,0,0,0,0,0,0,0
73,73 Meadowlark,925,754,0,244,483,8,9,7,229,474,39,0,0,0,0,0,0,0,0,0,0,169,560,1,0,0,0,0,0,0,0,0,0,0,222,513,0,0,0,0,0,0,0,0,0,0,0,0,0,0,0,0,232,491,0,637,13,0,0,0,0,0,192,535,0,258,468,0,634,8,631,11,632,13,0,0,0,0,0,0,0,0,0,0,0,0,0,0,0,0,0,0,0,0,0,0,590,8,0,0,0,0,0,0,0,0,0,0,0,0,0,0,0,0,0,0,0,0,0,0,0,0,0
74,74 Buffalo,672,529,0,168,346,3,5,5,167,324,26,0,0,0,0,0,0,0,0,0,0,119,386,2,0,0,0,0,0,0,0,0,0,0,159,352,0,0,0,0,0,0,0,0,0,0,0,0,0,0,0,0,168,325,1,420,11,0,0,0,0,0,131,361,2,180,313,2,424,7,429,6,446,6,0,0,0,0,0,0,0,0,0,0,0,0,0,0,0,0,0,0,0,0,0,0,405,8,0,0,0,0,0,0,0,0,0,0,0,0,0,0,0,0,0,0,0,0,0,0,0,0,0
78,78 Hodges Rd,0,0,0,0,0,0,0,0,0,0,0,0,0,0,0,0,0,0,0,0,0,0,0,0,0,0,0,0,0,0,0,0,0,0,0,0,0,0,0,0,0,0,0,0,0,0,0,0,0,0,0,0,0,0,0,0,0,0,0,0,0,0,0,0,0,0,0,0,0,0,0,0,0,0,0,0,0,0,0,0,0,0,0,0,0,0,0,0,0,0,0,0,0,0,0,0,0,0,0,0,0,0,0,0,0,0,0,0,0,0,0,0,0,0,0,0,0,0,0,0,0,0,0
80,80 Gaillardia,836,670,0,281,363,1,5,17,263,366,34,1,0,0,0,0,0,0,0,0,0,225,434,2,0,0,0,263,389,1,0,0,0,0,0,0,0,0,0,0,0,0,0,0,0,0,0,0,0,0,0,0,294,363,1,526,18,0,0,0,0,0,245,404,0,292,355,0,526,16,530,13,0,0,0,0,0,0,0,0,531,15,0,0,0,0,0,0,0,0,0,0,0,0,0,0,0,0,0,0,0,0,0,0,469,11,0,0,0,0,0,0,0,0,0,0,0,0,0,0,0,0,0
81,81 Dover,559,471,0,127,333,1,5,2,135,314,20,0,0,0,0,0,0,0,0,0,0,115,340,3,0,0,0,0,0,0,0,0,0,0,131,332,1,0,0,0,0,0,0,0,0,0,0,0,0,0,0,0,132,325,2,379,13,0,0,0,0,0,120,339,0,152,306,0,395,9,404,9,0,0,376,27,0,0,0,0,0,0,0,0,0,0,0,0,0,0,0,0,0,0,0,0,0,0,336,28,0,0,0,0,0,0,0,0,0,0,0,0,0,0,0,0,0,0,0,0,0,0,0
82,82 Willard,509,420,0,124,289,2,3,1,121,275,18,0,0,0,0,127,282,0,0,0,0,0,0,0,0,0,0,0,0,0,0,0,0,0,110,301,0,0,0,0,0,0,0,0,0,0,0,0,0,0,0,0,0,0,0,345,5,0,0,0,0,0,107,299,0,127,279,1,351,3,362,4,0,0,345,4,0,0,0,0,0,0,0,0,0,0,0,0,0,0,0,0,0,0,0,0,0,0,338,11,0,0,0,0,0,0,0,0,0,0,0,0,0,0,0,0,0,0,0,0,0,0,0
83,83 Ichabod Washburn,12,,redacted per KSA 25-2701(a)(2),redacted per KSA 25-2701(a)(2),redacted per KSA 25-2701(a)(2),redacted per KSA 25-2701(a)(2),redacted per KSA 25-2701(a)(2),redacted per KSA 25-2701(a)(2),redacted per KSA 25-2701(a)(2),redacted per KSA 25-2701(a)(2),redacted per KSA 25-2701(a)(2),redacted per KSA 25-2701(a)(2),redacted per KSA 25-2701(a)(2),redacted per KSA 25-2701(a)(2),redacted per KSA 25-2701(a)(2),redacted per KSA 25-2701(a)(2),redacted per KSA 25-2701(a)(2),redacted per KSA 25-2701(a)(2),redacted per KSA 25-2701(a)(2),redacted per KSA 25-2701(a)(2),redacted per KSA 25-2701(a)(2),redacted per KSA 25-2701(a)(2),redacted per KSA 25-2701(a)(2),redacted per KSA 25-2701(a)(2),redacted per KSA 25-2701(a)(2),redacted per KSA 25-2701(a)(2),redacted per KSA 25-2701(a)(2),redacted per KSA 25-2701(a)(2),redacted per KSA 25-2701(a)(2),redacted per KSA 25-2701(a)(2),redacted per KSA 25-2701(a)(2),redacted per KSA 25-2701(a)(2),redacted per KSA 25-2701(a)(2),redacted per KSA 25-2701(a)(2),redacted per KSA 25-2701(a)(2),redacted per KSA 25-2701(a)(2),redacted per KSA 25-2701(a)(2),redacted per KSA 25-2701(a)(2),redacted per KSA 25-2701(a)(2),redacted per KSA 25-2701(a)(2),redacted per KSA 25-2701(a)(2),redacted per KSA 25-2701(a)(2),redacted per KSA 25-2701(a)(2),redacted per KSA 25-2701(a)(2),redacted per KSA 25-2701(a)(2),redacted per KSA 25-2701(a)(2),redacted per KSA 25-2701(a)(2),redacted per KSA 25-2701(a)(2),redacted per KSA 25-2701(a)(2),redacted per KSA 25-2701(a)(2),redacted per KSA 25-2701(a)(2),redacted per KSA 25-2701(a)(2),redacted per KSA 25-2701(a)(2),redacted per KSA 25-2701(a)(2),redacted per KSA 25-2701(a)(2),redacted per KSA 25-2701(a)(2),redacted per KSA 25-2701(a)(2),redacted per KSA 25-2701(a)(2),redacted per KSA 25-2701(a)(2),redacted per KSA 25-2701(a)(2),redacted per KSA 25-2701(a)(2),redacted per KSA 25-2701(a)(2),redacted per KSA 25-2701(a)(2),redacted per KSA 25-2701(a)(2),redacted per KSA 25-2701(a)(2),redacted per KSA 25-2701(a)(2),redacted per KSA 25-2701(a)(2),redacted per KSA 25-2701(a)(2),redacted per KSA 25-2701(a)(2),redacted per KSA 25-2701(a)(2),redacted per KSA 25-2701(a)(2),redacted per KSA 25-2701(a)(2),redacted per KSA 25-2701(a)(2),redacted per KSA 25-2701(a)(2),redacted per KSA 25-2701(a)(2),redacted per KSA 25-2701(a)(2),redacted per KSA 25-2701(a)(2),redacted per KSA 25-2701(a)(2),redacted per KSA 25-2701(a)(2),redacted per KSA 25-2701(a)(2),redacted per KSA 25-2701(a)(2),redacted per KSA 25-2701(a)(2),redacted per KSA 25-2701(a)(2),redacted per KSA 25-2701(a)(2),redacted per KSA 25-2701(a)(2),redacted per KSA 25-2701(a)(2),redacted per KSA 25-2701(a)(2),redacted per KSA 25-2701(a)(2),redacted per KSA 25-2701(a)(2),redacted per KSA 25-2701(a)(2),redacted per KSA 25-2701(a)(2),redacted per KSA 25-2701(a)(2),redacted per KSA 25-2701(a)(2),redacted per KSA 25-2701(a)(2),redacted per KSA 25-2701(a)(2),redacted per KSA 25-2701(a)(2),redacted per KSA 25-2701(a)(2),redacted per KSA 25-2701(a)(2),redacted per KSA 25-2701(a)(2),redacted per KSA 25-2701(a)(2),redacted per KSA 25-2701(a)(2),redacted per KSA 25-2701(a)(2),redacted per KSA 25-2701(a)(2),redacted per KSA 25-2701(a)(2),redacted per KSA 25-2701(a)(2),redacted per KSA 25-2701(a)(2),redacted per KSA 25-2701(a)(2),redacted per KSA 25-2701(a)(2),redacted per KSA 25-2701(a)(2),redacted per KSA 25-2701(a)(2),redacted per KSA 25-2701(a)(2),redacted per KSA 25-2701(a)(2),redacted per KSA 25-2701(a)(2),redacted per KSA 25-2701(a)(2),redacted per KSA 25-2701(a)(2),redacted per KSA 25-2701(a)(2),redacted per KSA 25-2701(a)(2),redacted per KSA 25-2701(a)(2),redacted per KSA 25-2701(a)(2),redacted per KSA 25-2701(a)(2),redacted per KSA 25-2701(a)(2),redacted per KSA 25-2701(a)(2),redacted per KSA 25-2701(a)(2)
84,84 Yucca,260,204,0,56,142,1,4,1,55,131,14,0,0,0,0,0,0,0,0,0,0,50,144,1,0,0,0,0,0,0,0,0,0,0,59,138,0,0,0,0,0,0,0,0,0,0,0,0,0,0,0,0,60,134,0,174,2,0,0,0,0,0,49,145,2,65,128,0,175,0,173,0,0,0,0,0,0,0,0,0,166,1,0,0,0,0,0,0,0,0,0,0,0,0,0,0,0,0,0,0,0,0,0,0,153,1,0,0,0,0,0,0,0,0,0,0,0,0,0,0,0,0,0
85,85 Aldersgate,381,306,0,180,120,0,4,1,169,124,5,0,0,0,0,0,0,0,0,0,0,111,185,0,0,0,0,151,143,0,0,0,0,0,0,0,0,0,0,0,0,0,0,0,0,0,0,0,0,0,0,0,156,132,0,221,7,0,0,0,0,0,125,162,0,165,122,0,218,5,217,3,0,0,0,0,0,0,0,0,215,4,0,0,0,0,0,0,0,0,0,0,0,0,0,0,0,0,0,0,0,0,0,0,187,3,0,0,0,0,0,0,0,0,0,0,0,0,0,0,0,0,0
86,86 Sunflower,1154,938,0,373,541,2,8,13,342,552,34,0,0,0,0,0,0,0,0,0,0,234,684,0,0,0,0,338,575,0,0,0,0,0,0,0,0,0,0,0,0,0,0,0,0,0,0,0,0,0,0,0,352,550,1,776,16,0,0,0,761,14,284,613,0,366,530,1,774,12,772,8,0,0,0,0,0,0,0,0,748,12,0,0,0,0,0,0,0,0,0,0,0,0,0,0,0,0,0,0,0,0,0,0,738,11,0,0,0,0,0,0,0,0,0,0,0,0,0,0,0,0,0
87,87 Washburn,859,658,0,294,347,2,9,2,272,330,42,1,0,0,0,0,0,0,0,0,0,221,427,1,0,0,0,273,364,1,0,0,0,0,0,0,0,0,0,0,0,0,0,0,0,0,0,0,0,0,0,0,293,339,2,519,14,0,0,0,503,14,251,383,1,294,339,1,525,8,518,11,0,0,0,0,0,0,0,0,498,8,0,0,0,0,0,0,0,0,0,0,0,0,0,0,0,0,0,0,0,0,0,0,488,12,0,0,0,0,0,0,0,0,0,0,0,0,0,0,0,0,0
89,89 North Mission,178,152,0,46,101,4,1,0,44,99,6,0,0,0,0,39,108,0,0,0,0,0,0,0,0,0,0,43,107,0,0,0,0,0,0,0,0,0,0,0,0,0,0,0,0,0,0,0,0,0,0,0,0,0,0,137,3,0,0,0,0,0,41,108,0,47,100,0,132,2,134,2,0,0,0,0,0,0,0,0,133,2,0,0,0,0,0,0,0,0,0,0,0,0,0,0,0,0,0,0,0,0,0,0,131,3,0,0,0,0,0,0,0,0,0,0,0,0,0,0,0,0,0
90,90 South Mission,502,412,0,121,275,3,11,0,120,270,16,0,0,0,0,0,0,0,0,0,0,75,328,0,0,0,0,118,285,0,0,0,0,0,0,0,0,0,0,0,0,0,0,0,0,0,0,0,0,0,0,0,126,275,0,355,4,0,0,0,352,5,102,297,0,134,266,0,347,5,349,6,0,0,0,0,0,0,0,0,332,4,0,0,0,0,0,0,0,0,0,0,0,0,0,0,0,0,0,0,0,0,0,0,328,3,0,0,0,0,0,0,0,0,0,0,0,0,0,0,0,0,0
91,91 Central Mission,788,587,0,266,302,5,6,5,242,307,29,0,0,0,0,0,0,0,0,0,0,197,378,1,0,0,0,237,334,0,0,0,0,0,0,0,0,0,0,0,0,0,0,0,0,0,0,0,0,0,0,0,252,305,1,464,16,0,0,0,446,17,214,343,1,267,289,2,464,13,462,14,0,0,0,0,0,0,0,0,434,12,0,0,0,0,0,0,0,0,0,0,0,0,0,0,0,0,0,0,0,0,0,0,422,14,0,0,0,0,0,0,0,0,0,0,0,0,0,0,0,0,0
92,92 Sherwood,568,462,0,185,263,5,4,2,173,258,24,0,0,0,0,0,0,0,0,0,0,124,321,1,0,0,0,159,281,1,0,0,0,0,0,0,0,0,0,0,0,0,0,0,0,0,0,0,0,0,0,0,169,273,0,363,9,0,0,0,0,0,145,296,0,188,258,0,372,8,372,6,0,0,0,0,0,0,0,0,375,4,0,0,0,0,0,0,0,0,0,0,0,0,0,0,0,0,0,0,0,0,0,0,326,3,0,0,0,0,0,0,0,0,0,0,0,0,0,0,0,0,0
93,93 South Sherwood,590,492,0,206,273,2,5,1,183,285,20,0,0,0,0,0,0,0,0,0,0,133,350,1,0,0,0,175,304,0,0,0,0,0,0,0,0,0,0,0,0,0,0,0,0,0,0,0,0,0,0,0,195,277,0,400,13,0,0,0,390,9,155,318,0,207,263,0,389,9,390,11,0,0,0,0,0,0,0,0,382,7,0,0,0,0,0,0,0,0,0,0,0,0,0,0,0,0,0,0,0,0,0,0,382,5,0,0,0,0,0,0,0,0,0,0,0,0,0,0,0,0,0
94,94 Indian Hills,669,532,0,253,269,3,2,3,232,270,23,0,0,0,0,0,0,0,0,0,0,184,333,0,0,0,0,223,288,2,0,0,0,0,0,0,0,0,0,0,0,0,0,0,0,0,0,0,0,0,0,0,238,274,0,433,13,0,0,0,0,0,201,310,0,245,268,1,428,6,426,7,0,0,0,0,0,0,0,0,423,7,0,0,0,0,0,0,0,0,0,0,0,0,0,0,0,0,0,0,0,0,0,0,385,7,0,0,0,0,0,0,0,0,0,0,0,0,0,0,0,0,0
95,95 York,688,554,0,233,307,1,7,2,225,294,28,1,0,0,0,0,0,0,0,0,0,186,355,1,0,0,0,230,312,2,0,0,0,0,0,0,0,0,0,0,0,0,0,0,0,0,0,0,0,0,0,0,231,296,2,437,13,0,0,0,430,13,205,318,1,237,287,1,440,7,437,8,0,0,0,0,0,0,0,0,420,7,0,0,0,0,0,0,0,0,0,0,0,0,0,0,0,0,0,0,0,0,0,0,411,7,0,0,0,0,0,0,0,0,0,0,0,0,0,0,0,0,0
96,96 Vaquero,465,374,0,138,232,2,1,0,134,213,22,0,0,0,0,0,0,0,0,0,0,122,244,4,0,0,0,132,233,0,0,0,0,0,0,0,0,0,0,0,0,0,0,0,0,0,0,0,0,0,0,0,148,223,0,278,16,0,0,0,0,0,131,236,0,150,212,0,290,11,284,13,0,0,0,0,0,0,0,0,279,14,0,0,0,0,0,0,0,0,0,0,0,0,0,0,0,0,0,0,0,0,0,0,268,12,0,0,0,0,0,0,0,0,0,0,0,0,0,0,0,0,0
97,97 York Outer,76,67,0,36,31,0,0,0,33,30,3,0,0,0,0,0,0,0,0,0,0,23,43,0,0,0,0,28,37,0,0,0,0,0,0,0,0,0,0,0,0,0,0,0,0,0,0,0,0,0,0,0,31,31,0,48,1,0,0,0,43,2,26,39,0,32,32,0,47,1,47,1,0,0,0,0,0,0,0,0,42,3,0,0,0,0,0,0,0,0,0,0,0,0,0,0,0,0,0,0,0,0,0,0,42,2,0,0,0,0,0,0,0,0,0,0,0,0,0,0,0,0,0
98,98 NE Mission,0,0,0,0,0,0,0,0,0,0,0,0,0,0,0,0,0,0,0,0,0,0,0,0,0,0,0,0,0,0,0,0,0,0,0,0,0,0,0,0,0,0,0,0,0,0,0,0,0,0,0,0,0,0,0,0,0,0,0,0,0,0,0,0,0,0,0,0,0,0,0,0,0,0,0,0,0,0,0,0,0,0,0,0,0,0,0,0,0,0,0,0,0,0,0,0,0,0,0,0,0,0,0,0,0,0,0,0,0,0,0,0,0,0,0,0,0,0,0,0,0,0,0
99,99 Verbena,120,90,0,19,62,3,4,1,25,58,6,0,0,0,0,0,0,0,0,0,0,15,75,0,0,0,0,0,0,0,23,57,8,0,0,0,0,0,0,0,0,0,0,0,0,0,0,0,0,0,0,0,22,65,0,78,4,0,0,0,0,0,20,68,0,29,60,0,83,2,81,3,0,0,0,0,0,0,0,0,76,6,0,0,0,0,0,0,0,0,0,0,0,0,0,0,0,0,0,0,0,0,0,0,75,5,0,0,0,0,0,0,0,0,0,0,0,0,0,0,0,0,0
101,Ward Pct 0101,506,193,0,98,89,2,3,1,96,76,15,0,0,0,0,97,84,0,0,0,0,0,0,0,0,0,0,0,0,0,0,0,0,0,0,0,0,0,0,0,0,0,0,107,78,0,0,0,0,0,0,0,0,0,0,139,10,96,89,0,0,0,90,94,0,106,78,0,140,6,135,5,0,0,0,0,0,0,0,0,0,0,0,0,0,0,0,0,0,0,0,0,0,0,0,0,0,0,0,0,0,0,0,0,0,0,0,0,0,0,0,0,0,0,0,0,0,0,0,0,0,0,0
102,Ward Pct 0102,509,272,0,133,129,2,5,2,124,120,17,0,0,0,0,132,119,0,0,0,0,0,0,0,0,0,0,0,0,0,0,0,0,0,0,0,0,0,0,0,0,0,0,141,114,0,0,0,0,0,0,0,0,0,0,185,9,133,118,0,0,0,120,131,0,133,121,0,191,4,186,4,0,0,0,0,0,0,0,0,0,0,0,0,0,0,0,0,0,0,0,0,0,0,0,0,0,0,0,0,0,0,0,0,0,0,0,0,0,0,0,0,0,0,0,0,0,0,0,0,0,0,0
103,Ward Pct 0103,417,239,0,84,151,0,3,0,74,133,25,0,0,0,0,87,142,0,0,0,0,0,0,0,0,0,0,0,0,0,0,0,0,0,0,0,0,0,0,0,0,0,0,107,124,0,0,0,0,0,0,0,0,0,0,195,6,96,135,0,0,0,81,149,0,99,130,0,195,3,194,2,0,0,0,0,0,0,0,0,0,0,0,0,0,0,0,0,0,0,0,0,0,0,0,0,0,0,0,0,0,0,0,0,0,0,0,0,0,0,0,0,0,0,0,0,0,0,0,0,0,0,0
104,Ward Pct 0104,602,340,0,150,186,1,2,0,146,158,26,0,0,0,0,145,176,1,0,0,0,0,0,0,0,0,0,0,0,0,0,0,0,0,0,0,0,0,0,0,0,0,0,158,165,0,0,0,0,0,0,0,0,0,0,249,25,148,176,1,0,0,131,192,1,153,169,0,254,13,258,12,0,0,0,0,0,0,0,0,0,0,0,0,0,0,0,0,0,0,0,0,0,0,0,0,0,0,0,0,0,0,0,0,0,0,0,0,0,0,0,0,0,0,0,0,0,0,0,0,0,0,0
105,Ward Pct 0105,881,526,0,185,322,4,10,3,175,283,53,0,0,0,0,192,315,1,0,0,0,0,0,0,0,0,0,0,0,0,0,0,0,0,0,0,0,0,0,0,0,0,0,207,301,0,0,0,0,0,0,0,0,0,0,431,16,0,0,0,0,0,169,334,1,212,292,1,443,10,437,13,0,0,0,0,0,0,0,0,0,0,0,0,0,0,0,0,0,0,0,0,0,0,0,0,0,0,0,0,0,0,0,0,0,0,0,0,0,0,0,0,0,0,0,0,0,0,0,0,0,0,0
106,Ward Pct 0106,971,605,0,240,342,6,10,4,230,323,41,0,0,0,0,222,360,2,0,0,0,0,0,0,232,358,0,0,0,0,0,0,0,0,0,0,0,0,0,0,0,0,0,0,0,0,0,0,0,0,0,0,0,0,0,490,23,0,0,0,0,0,201,384,2,264,320,2,495,15,491,14,0,0,0,0,0,0,0,0,0,0,0,0,0,0,0,0,0,0,0,0,0,0,0,0,0,0,0,0,0,0,0,0,0,0,0,0,0,0,0,0,0,0,0,0,0,0,0,0,0,0,0
107,Ward Pct 0107,3,,redacted per KSA 25-2701(a)(2),redacted per KSA 25-2701(a)(2),redacted per KSA 25-2701(a)(2),redacted per KSA 25-2701(a)(2),redacted per KSA 25-2701(a)(2),redacted per KSA 25-2701(a)(2),redacted per KSA 25-2701(a)(2),redacted per KSA 25-2701(a)(2),redacted per KSA 25-2701(a)(2),redacted per KSA 25-2701(a)(2),redacted per KSA 25-2701(a)(2),redacted per KSA 25-2701(a)(2),redacted per KSA 25-2701(a)(2),redacted per KSA 25-2701(a)(2),redacted per KSA 25-2701(a)(2),redacted per KSA 25-2701(a)(2),redacted per KSA 25-2701(a)(2),redacted per KSA 25-2701(a)(2),redacted per KSA 25-2701(a)(2),redacted per KSA 25-2701(a)(2),redacted per KSA 25-2701(a)(2),redacted per KSA 25-2701(a)(2),redacted per KSA 25-2701(a)(2),redacted per KSA 25-2701(a)(2),redacted per KSA 25-2701(a)(2),redacted per KSA 25-2701(a)(2),redacted per KSA 25-2701(a)(2),redacted per KSA 25-2701(a)(2),redacted per KSA 25-2701(a)(2),redacted per KSA 25-2701(a)(2),redacted per KSA 25-2701(a)(2),redacted per KSA 25-2701(a)(2),redacted per KSA 25-2701(a)(2),redacted per KSA 25-2701(a)(2),redacted per KSA 25-2701(a)(2),redacted per KSA 25-2701(a)(2),redacted per KSA 25-2701(a)(2),redacted per KSA 25-2701(a)(2),redacted per KSA 25-2701(a)(2),redacted per KSA 25-2701(a)(2),redacted per KSA 25-2701(a)(2),redacted per KSA 25-2701(a)(2),redacted per KSA 25-2701(a)(2),redacted per KSA 25-2701(a)(2),redacted per KSA 25-2701(a)(2),redacted per KSA 25-2701(a)(2),redacted per KSA 25-2701(a)(2),redacted per KSA 25-2701(a)(2),redacted per KSA 25-2701(a)(2),redacted per KSA 25-2701(a)(2),redacted per KSA 25-2701(a)(2),redacted per KSA 25-2701(a)(2),redacted per KSA 25-2701(a)(2),redacted per KSA 25-2701(a)(2),redacted per KSA 25-2701(a)(2),redacted per KSA 25-2701(a)(2),redacted per KSA 25-2701(a)(2),redacted per KSA 25-2701(a)(2),redacted per KSA 25-2701(a)(2),redacted per KSA 25-2701(a)(2),redacted per KSA 25-2701(a)(2),redacted per KSA 25-2701(a)(2),redacted per KSA 25-2701(a)(2),redacted per KSA 25-2701(a)(2),redacted per KSA 25-2701(a)(2),redacted per KSA 25-2701(a)(2),redacted per KSA 25-2701(a)(2),redacted per KSA 25-2701(a)(2),redacted per KSA 25-2701(a)(2),redacted per KSA 25-2701(a)(2),redacted per KSA 25-2701(a)(2),redacted per KSA 25-2701(a)(2),redacted per KSA 25-2701(a)(2),redacted per KSA 25-2701(a)(2),redacted per KSA 25-2701(a)(2),redacted per KSA 25-2701(a)(2),redacted per KSA 25-2701(a)(2),redacted per KSA 25-2701(a)(2),redacted per KSA 25-2701(a)(2),redacted per KSA 25-2701(a)(2),redacted per KSA 25-2701(a)(2),redacted per KSA 25-2701(a)(2),redacted per KSA 25-2701(a)(2),redacted per KSA 25-2701(a)(2),redacted per KSA 25-2701(a)(2),redacted per KSA 25-2701(a)(2),redacted per KSA 25-2701(a)(2),redacted per KSA 25-2701(a)(2),redacted per KSA 25-2701(a)(2),redacted per KSA 25-2701(a)(2),redacted per KSA 25-2701(a)(2),redacted per KSA 25-2701(a)(2),redacted per KSA 25-2701(a)(2),redacted per KSA 25-2701(a)(2),redacted per KSA 25-2701(a)(2),redacted per KSA 25-2701(a)(2),redacted per KSA 25-2701(a)(2),redacted per KSA 25-2701(a)(2),redacted per KSA 25-2701(a)(2),redacted per KSA 25-2701(a)(2),redacted per KSA 25-2701(a)(2),redacted per KSA 25-2701(a)(2),redacted per KSA 25-2701(a)(2),redacted per KSA 25-2701(a)(2),redacted per KSA 25-2701(a)(2),redacted per KSA 25-2701(a)(2),redacted per KSA 25-2701(a)(2),redacted per KSA 25-2701(a)(2),redacted per KSA 25-2701(a)(2),redacted per KSA 25-2701(a)(2),redacted per KSA 25-2701(a)(2),redacted per KSA 25-2701(a)(2),redacted per KSA 25-2701(a)(2),redacted per KSA 25-2701(a)(2),redacted per KSA 25-2701(a)(2),redacted per KSA 25-2701(a)(2),redacted per KSA 25-2701(a)(2),redacted per KSA 25-2701(a)(2),redacted per KSA 25-2701(a)(2),redacted per KSA 25-2701(a)(2),redacted per KSA 25-2701(a)(2)
109,Ward Pct 0109,1,,redacted per KSA 25-2701(a)(2),redacted per KSA 25-2701(a)(2),redacted per KSA 25-2701(a)(2),redacted per KSA 25-2701(a)(2),redacted per KSA 25-2701(a)(2),redacted per KSA 25-2701(a)(2),redacted per KSA 25-2701(a)(2),redacted per KSA 25-2701(a)(2),redacted per KSA 25-2701(a)(2),redacted per KSA 25-2701(a)(2),redacted per KSA 25-2701(a)(2),redacted per KSA 25-2701(a)(2),redacted per KSA 25-2701(a)(2),redacted per KSA 25-2701(a)(2),redacted per KSA 25-2701(a)(2),redacted per KSA 25-2701(a)(2),redacted per KSA 25-2701(a)(2),redacted per KSA 25-2701(a)(2),redacted per KSA 25-2701(a)(2),redacted per KSA 25-2701(a)(2),redacted per KSA 25-2701(a)(2),redacted per KSA 25-2701(a)(2),redacted per KSA 25-2701(a)(2),redacted per KSA 25-2701(a)(2),redacted per KSA 25-2701(a)(2),redacted per KSA 25-2701(a)(2),redacted per KSA 25-2701(a)(2),redacted per KSA 25-2701(a)(2),redacted per KSA 25-2701(a)(2),redacted per KSA 25-2701(a)(2),redacted per KSA 25-2701(a)(2),redacted per KSA 25-2701(a)(2),redacted per KSA 25-2701(a)(2),redacted per KSA 25-2701(a)(2),redacted per KSA 25-2701(a)(2),redacted per KSA 25-2701(a)(2),redacted per KSA 25-2701(a)(2),redacted per KSA 25-2701(a)(2),redacted per KSA 25-2701(a)(2),redacted per KSA 25-2701(a)(2),redacted per KSA 25-2701(a)(2),redacted per KSA 25-2701(a)(2),redacted per KSA 25-2701(a)(2),redacted per KSA 25-2701(a)(2),redacted per KSA 25-2701(a)(2),redacted per KSA 25-2701(a)(2),redacted per KSA 25-2701(a)(2),redacted per KSA 25-2701(a)(2),redacted per KSA 25-2701(a)(2),redacted per KSA 25-2701(a)(2),redacted per KSA 25-2701(a)(2),redacted per KSA 25-2701(a)(2),redacted per KSA 25-2701(a)(2),redacted per KSA 25-2701(a)(2),redacted per KSA 25-2701(a)(2),redacted per KSA 25-2701(a)(2),redacted per KSA 25-2701(a)(2),redacted per KSA 25-2701(a)(2),redacted per KSA 25-2701(a)(2),redacted per KSA 25-2701(a)(2),redacted per KSA 25-2701(a)(2),redacted per KSA 25-2701(a)(2),redacted per KSA 25-2701(a)(2),redacted per KSA 25-2701(a)(2),redacted per KSA 25-2701(a)(2),redacted per KSA 25-2701(a)(2),redacted per KSA 25-2701(a)(2),redacted per KSA 25-2701(a)(2),redacted per KSA 25-2701(a)(2),redacted per KSA 25-2701(a)(2),redacted per KSA 25-2701(a)(2),redacted per KSA 25-2701(a)(2),redacted per KSA 25-2701(a)(2),redacted per KSA 25-2701(a)(2),redacted per KSA 25-2701(a)(2),redacted per KSA 25-2701(a)(2),redacted per KSA 25-2701(a)(2),redacted per KSA 25-2701(a)(2),redacted per KSA 25-2701(a)(2),redacted per KSA 25-2701(a)(2),redacted per KSA 25-2701(a)(2),redacted per KSA 25-2701(a)(2),redacted per KSA 25-2701(a)(2),redacted per KSA 25-2701(a)(2),redacted per KSA 25-2701(a)(2),redacted per KSA 25-2701(a)(2),redacted per KSA 25-2701(a)(2),redacted per KSA 25-2701(a)(2),redacted per KSA 25-2701(a)(2),redacted per KSA 25-2701(a)(2),redacted per KSA 25-2701(a)(2),redacted per KSA 25-2701(a)(2),redacted per KSA 25-2701(a)(2),redacted per KSA 25-2701(a)(2),redacted per KSA 25-2701(a)(2),redacted per KSA 25-2701(a)(2),redacted per KSA 25-2701(a)(2),redacted per KSA 25-2701(a)(2),redacted per KSA 25-2701(a)(2),redacted per KSA 25-2701(a)(2),redacted per KSA 25-2701(a)(2),redacted per KSA 25-2701(a)(2),redacted per KSA 25-2701(a)(2),redacted per KSA 25-2701(a)(2),redacted per KSA 25-2701(a)(2),redacted per KSA 25-2701(a)(2),redacted per KSA 25-2701(a)(2),redacted per KSA 25-2701(a)(2),redacted per KSA 25-2701(a)(2),redacted per KSA 25-2701(a)(2),redacted per KSA 25-2701(a)(2),redacted per KSA 25-2701(a)(2),redacted per KSA 25-2701(a)(2),redacted per KSA 25-2701(a)(2),redacted per KSA 25-2701(a)(2),redacted per KSA 25-2701(a)(2),redacted per KSA 25-2701(a)(2),redacted per KSA 25-2701(a)(2),redacted per KSA 25-2701(a)(2),redacted per KSA 25-2701(a)(2),redacted per KSA 25-2701(a)(2)
110,Ward Pct 0110,0,0,0,0,0,0,0,0,0,0,0,0,0,0,0,0,0,0,0,0,0,0,0,0,0,0,0,0,0,0,0,0,0,0,0,0,0,0,0,0,0,0,0,0,0,0,0,0,0,0,0,0,0,0,0,0,0,0,0,0,0,0,0,0,0,0,0,0,0,0,0,0,0,0,0,0,0,0,0,0,0,0,0,0,0,0,0,0,0,0,0,0,0,0,0,0,0,0,0,0,0,0,0,0,0,0,0,0,0,0,0,0,0,0,0,0,0,0,0,0,0,0,0
113,Ward Pct 0113,0,0,0,0,0,0,0,0,0,0,0,0,0,0,0,0,0,0,0,0,0,0,0,0,0,0,0,0,0,0,0,0,0,0,0,0,0,0,0,0,0,0,0,0,0,0,0,0,0,0,0,0,0,0,0,0,0,0,0,0,0,0,0,0,0,0,0,0,0,0,0,0,0,0,0,0,0,0,0,0,0,0,0,0,0,0,0,0,0,0,0,0,0,0,0,0,0,0,0,0,0,0,0,0,0,0,0,0,0,0,0,0,0,0,0,0,0,0,0,0,0,0,0
114,Ward Pct 0114,0,0,0,0,0,0,0,0,0,0,0,0,0,0,0,0,0,0,0,0,0,0,0,0,0,0,0,0,0,0,0,0,0,0,0,0,0,0,0,0,0,0,0,0,0,0,0,0,0,0,0,0,0,0,0,0,0,0,0,0,0,0,0,0,0,0,0,0,0,0,0,0,0,0,0,0,0,0,0,0,0,0,0,0,0,0,0,0,0,0,0,0,0,0,0,0,0,0,0,0,0,0,0,0,0,0,0,0,0,0,0,0,0,0,0,0,0,0,0,0,0,0,0
201,Ward Pct 0201,548,364,0,181,173,1,7,2,176,144,32,0,0,0,0,0,0,0,187,157,0,0,0,0,0,0,0,0,0,0,0,0,0,0,0,0,0,0,0,0,0,0,0,212,136,0,0,0,0,0,0,0,197,150,0,263,19,182,160,2,0,0,169,178,1,191,152,0,269,8,263,11,0,0,0,0,0,0,0,0,0,0,0,0,0,0,0,0,0,0,0,0,0,0,0,0,0,0,0,0,0,0,0,0,0,0,0,0,0,0,0,0,0,0,0,0,0,0,0,0,0,0,0
202,Ward Pct 0202,436,273,0,151,115,1,3,1,132,98,31,0,0,0,0,0,0,0,154,108,0,0,0,0,0,0,0,0,0,0,0,0,0,0,0,0,0,0,0,0,0,0,0,166,98,0,0,0,0,0,0,0,150,108,0,165,12,155,104,0,0,0,139,121,0,160,100,0,180,6,175,8,0,0,0,0,0,0,0,0,0,0,0,0,0,0,0,0,0,0,0,0,0,0,0,0,0,0,0,0,0,0,0,0,0,0,0,0,0,0,0,0,0,0,0,0,0,0,0,0,0,0,0
203,Ward Pct 0203,444,258,0,118,130,3,7,0,121,106,27,0,0,0,0,0,0,0,130,122,0,0,0,0,0,0,0,0,0,0,0,0,0,0,0,0,0,0,0,0,0,0,0,145,110,0,0,0,0,0,0,0,132,118,0,193,9,129,123,0,0,0,109,141,1,134,115,0,198,5,202,4,0,0,0,0,0,0,0,0,0,0,0,0,0,0,0,0,0,0,0,0,0,0,0,0,0,0,0,0,0,0,0,0,0,0,0,0,0,0,0,0,0,0,0,0,0,0,0,0,0,0,0
204,Ward Pct 0204,429,259,0,141,113,0,3,1,135,93,22,0,0,0,0,0,0,0,149,100,0,0,0,0,0,0,0,0,0,0,0,0,0,0,0,0,0,0,0,0,0,0,0,165,85,1,0,0,0,0,0,0,142,108,0,168,6,147,103,0,0,0,131,118,0,147,102,0,182,3,179,3,0,0,0,0,0,0,0,0,0,0,0,0,0,0,0,0,0,0,0,0,0,0,0,0,0,0,0,0,0,0,0,0,0,0,0,0,0,0,0,0,0,0,0,0,0,0,0,0,0,0,0
205,Ward Pct 0205,373,245,0,139,104,0,2,0,138,80,20,0,0,0,0,0,0,0,151,87,0,0,0,0,0,0,0,0,0,0,0,0,0,0,0,0,0,0,0,0,0,0,0,157,82,0,0,0,0,0,0,0,148,87,2,165,11,142,93,0,0,0,139,98,0,155,80,1,163,7,161,9,0,0,0,0,0,0,0,0,0,0,0,0,0,0,0,0,0,0,0,0,0,0,0,0,0,0,0,0,0,0,0,0,0,0,0,0,0,0,0,0,0,0,0,0,0,0,0,0,0,0,0
206,Ward Pct 0206,514,216,0,128,83,1,3,1,119,69,21,0,0,0,0,0,0,0,135,73,0,0,0,0,0,0,0,0,0,0,0,0,0,0,0,0,0,0,0,0,0,0,0,136,72,0,0,0,0,0,0,0,139,70,1,152,10,128,77,1,0,0,118,91,0,136,73,1,160,4,150,9,0,0,0,0,0,0,0,0,0,0,0,0,0,0,0,0,0,0,0,0,0,0,0,0,0,0,0,0,0,0,0,0,0,0,0,0,0,0,0,0,0,0,0,0,0,0,0,0,0,0,0
207,Ward Pct 0207,355,154,0,94,57,0,2,1,85,45,21,0,0,0,0,0,0,0,100,45,1,0,0,0,0,0,0,0,0,0,0,0,0,0,0,0,0,0,0,0,0,0,0,102,44,1,0,0,0,0,0,0,104,43,1,102,9,96,48,1,0,0,85,60,1,99,49,1,102,9,96,8,0,0,0,0,0,0,0,0,0,0,0,0,0,0,0,0,0,0,0,0,0,0,0,0,0,0,0,0,0,0,0,0,0,0,0,0,0,0,0,0,0,0,0,0,0,0,0,0,0,0,0
208,Ward Pct 0208,437,181,0,146,29,0,2,1,128,25,20,0,0,0,0,0,0,0,146,27,0,0,0,0,0,0,0,0,0,0,0,0,0,0,0,0,0,0,0,0,0,0,0,148,22,0,0,0,0,0,0,0,147,26,0,115,5,151,23,0,0,0,143,30,0,152,21,1,108,11,114,10,0,0,0,0,0,0,0,0,0,0,0,0,0,0,0,0,0,0,0,0,0,0,0,0,0,0,0,0,0,0,0,0,0,0,0,0,0,0,0,0,0,0,0,0,0,0,0,0,0,0,0
209,Ward Pct 0209,562,307,0,190,112,0,4,1,177,98,22,0,0,0,0,0,0,0,188,105,1,0,0,0,0,0,0,0,0,0,0,0,0,0,0,0,0,0,0,0,0,0,0,212,81,0,0,0,0,0,0,0,194,97,0,191,26,174,110,2,0,0,170,122,0,188,103,0,203,15,199,20,0,0,0,0,0,0,0,0,0,0,0,0,0,0,0,0,0,0,0,0,0,0,0,0,0,0,0,0,0,0,0,0,0,0,0,0,0,0,0,0,0,0,0,0,0,0,0,0,0,0,0
210,Ward Pct 0210,527,331,0,239,84,1,5,2,227,70,25,1,0,0,0,0,0,0,239,78,2,0,0,0,0,0,0,0,0,0,0,0,0,0,0,0,0,0,0,0,0,0,0,267,55,0,0,0,0,0,0,0,240,73,1,217,19,228,86,3,0,0,224,89,2,238,78,1,219,16,214,17,0,0,0,0,0,0,0,0,0,0,0,0,0,0,0,0,0,0,0,0,0,0,0,0,0,0,0,0,0,0,0,0,0,0,0,0,0,0,0,0,0,0,0,0,0,0,0,0,0,0,0
211,Ward Pct 0211,442,238,0,146,81,2,4,3,150,65,17,0,0,0,0,0,0,0,147,82,0,0,0,0,0,0,0,0,0,0,0,0,0,0,0,0,0,0,0,0,0,0,0,151,78,1,0,0,0,0,0,0,146,85,0,153,19,152,80,0,0,0,131,98,0,152,78,0,162,11,158,13,0,0,0,0,0,0,0,0,0,0,0,0,0,0,0,0,0,0,0,0,0,0,0,0,0,0,0,0,0,0,0,0,0,0,0,0,0,0,0,0,0,0,0,0,0,0,0,0,0,0,0
212,Ward Pct 0212,0,0,0,0,0,0,0,0,0,0,0,0,0,0,0,0,0,0,0,0,0,0,0,0,0,0,0,0,0,0,0,0,0,0,0,0,0,0,0,0,0,0,0,0,0,0,0,0,0,0,0,0,0,0,0,0,0,0,0,0,0,0,0,0,0,0,0,0,0,0,0,0,0,0,0,0,0,0,0,0,0,0,0,0,0,0,0,0,0,0,0,0,0,0,0,0,0,0,0,0,0,0,0,0,0,0,0,0,0,0,0,0,0,0,0,0,0,0,0,0,0,0,0
301,Ward Pct 0301,538,321,0,184,124,4,5,2,176,104,31,1,0,0,0,0,0,0,195,119,0,0,0,0,0,0,0,0,0,0,0,0,0,0,0,0,0,189,124,0,0,0,0,0,0,0,0,0,0,0,0,0,193,118,0,220,20,194,115,0,0,0,175,136,0,197,114,0,224,16,225,19,0,0,0,0,0,0,0,0,0,0,0,0,0,0,0,0,0,0,0,0,0,0,0,0,0,0,0,0,0,0,0,0,0,0,0,0,0,0,0,0,0,0,0,0,0,0,0,0,0,0,0
302,Ward Pct 0302,407,301,0,199,95,1,4,1,190,90,15,0,0,0,0,0,0,0,203,90,0,0,0,0,0,0,0,0,0,0,0,0,0,0,0,0,0,200,95,0,0,0,0,0,0,0,0,0,0,0,0,0,195,95,0,190,17,185,103,0,0,0,178,113,0,200,92,0,199,9,189,12,0,0,0,0,0,0,0,0,0,0,0,0,0,0,0,0,0,0,0,0,0,0,0,0,0,0,0,0,0,0,0,0,0,0,0,0,0,0,0,0,0,0,0,0,0,0,0,0,0,0,0
303,Ward Pct 0303,486,208,0,136,64,1,5,2,134,42,27,0,0,0,0,0,0,0,143,58,1,0,0,0,0,0,0,0,0,0,0,0,0,0,0,0,0,145,58,0,0,0,0,0,0,0,0,0,0,0,0,0,148,54,0,129,17,144,58,0,0,0,138,63,0,146,54,0,137,11,134,15,0,0,0,0,0,0,0,0,0,0,0,0,0,0,0,0,0,0,0,0,0,0,0,0,0,0,0,0,0,0,0,0,0,0,0,0,0,0,0,0,0,0,0,0,0,0,0,0,0,0,0
304,Ward Pct 0304,484,263,0,158,90,6,7,1,146,74,33,1,0,0,0,0,0,0,160,88,2,0,0,0,0,0,0,0,0,0,0,0,0,0,0,0,0,170,78,1,0,0,0,0,0,0,0,0,0,0,0,0,163,82,2,160,22,161,87,3,0,0,151,93,1,165,81,2,171,14,165,16,0,0,0,0,0,0,0,0,0,0,0,0,0,0,0,0,0,0,0,0,0,0,0,0,0,0,0,0,0,0,0,0,0,0,0,0,0,0,0,0,0,0,0,0,0,0,0,0,0,0,0
305,Ward Pct 0305,362,166,0,109,51,2,2,2,94,47,12,1,0,0,0,0,0,0,104,49,0,0,0,0,0,0,0,0,0,0,0,0,0,0,0,0,0,105,48,0,0,0,0,0,0,0,0,0,0,0,0,0,110,45,0,104,11,104,51,0,0,0,95,60,0,113,44,0,108,9,107,8,0,0,0,0,0,0,0,0,0,0,0,0,0,0,0,0,0,0,0,0,0,0,0,0,0,0,0,0,0,0,0,0,0,0,0,0,0,0,0,0,0,0,0,0,0,0,0,0,0,0,0
306,Ward Pct 0306,377,166,0,114,46,1,3,2,102,42,20,0,0,0,0,0,0,0,116,44,2,0,0,0,0,0,0,0,0,0,0,0,0,0,0,0,0,114,47,1,0,0,0,0,0,0,0,0,0,0,0,0,118,44,2,99,15,117,44,2,0,0,113,47,2,123,38,2,98,12,94,14,0,0,0,0,0,0,0,0,0,0,0,0,0,0,0,0,0,0,0,0,0,0,0,0,0,0,0,0,0,0,0,0,0,0,0,0,0,0,0,0,0,0,0,0,0,0,0,0,0,0,0
307,Ward Pct 0307,561,221,0,135,81,0,2,3,120,75,17,1,0,0,0,0,0,0,134,77,0,0,0,0,0,0,0,0,0,0,0,0,0,0,0,0,0,130,80,0,0,0,0,0,0,0,0,0,0,0,0,0,134,74,0,154,6,133,77,1,0,0,124,84,1,126,81,1,157,5,159,5,0,0,0,0,0,0,0,0,0,0,0,0,0,0,0,0,0,0,0,0,0,0,0,0,0,0,0,0,0,0,0,0,0,0,0,0,0,0,0,0,0,0,0,0,0,0,0,0,0,0,0
308,Ward Pct 0308,439,225,0,153,70,1,0,0,132,63,19,1,0,0,0,0,0,0,143,74,1,0,0,0,0,0,0,0,0,0,0,0,0,0,0,0,0,0,0,0,0,0,0,0,0,0,144,68,0,0,0,0,152,64,2,125,22,141,74,0,0,0,139,73,1,151,64,0,133,12,127,14,0,0,0,0,0,0,0,0,0,0,0,0,0,0,0,0,0,0,0,0,0,0,0,0,0,0,0,0,0,0,0,0,0,0,0,0,0,0,0,0,0,0,0,0,0,0,0,0,0,0,0
309,Ward Pct 0309,648,283,0,194,84,2,0,1,173,74,27,0,0,0,0,0,0,0,190,82,1,0,0,0,0,0,0,0,0,0,0,0,0,0,0,0,0,0,0,0,0,0,0,0,0,0,194,75,0,0,0,0,192,80,0,172,23,180,89,0,0,0,182,87,0,193,76,0,176,16,170,17,0,0,0,0,0,0,0,0,0,0,0,0,0,0,0,0,0,0,0,0,0,0,0,0,0,0,0,0,0,0,0,0,0,0,0,0,0,0,0,0,0,0,0,0,0,0,0,0,0,0,0
310,Ward Pct 0310,62,26,0,19,5,0,1,1,14,7,3,0,0,0,0,0,0,0,15,9,0,0,0,0,0,0,0,0,0,0,0,0,0,0,0,0,0,0,0,0,0,0,0,18,7,0,0,0,0,0,0,0,18,6,0,18,0,17,8,0,0,0,15,9,0,19,5,0,18,0,16,1,0,0,0,0,0,0,0,0,0,0,0,0,0,0,0,0,0,0,0,0,0,0,0,0,0,0,0,0,0,0,0,0,0,0,0,0,0,0,0,0,0,0,0,0,0,0,0,0,0,0,0
401,Ward Pct 0401,488,221,0,133,84,1,3,0,117,75,23,0,0,0,0,0,0,0,140,75,0,0,0,0,0,0,0,0,0,0,0,0,0,0,0,0,0,0,0,0,0,0,0,135,76,1,0,0,0,0,0,0,141,74,0,159,9,131,84,0,0,0,122,93,0,136,79,0,166,4,162,5,0,0,0,0,0,0,0,0,0,0,0,0,0,0,0,0,0,0,0,0,0,0,0,0,0,0,0,0,0,0,0,0,0,0,0,0,0,0,0,0,0,0,0,0,0,0,0,0,0,0,0
402,Ward Pct 0402,738,317,0,228,77,2,6,1,200,65,36,0,0,0,0,0,0,0,221,73,2,0,0,0,0,0,0,0,0,0,0,0,0,0,0,0,0,0,0,0,0,0,0,222,77,1,0,0,0,0,0,0,229,68,2,179,21,225,72,1,0,0,199,97,1,229,71,1,182,17,166,23,0,0,0,0,0,0,0,0,0,0,0,0,0,0,0,0,0,0,0,0,0,0,0,0,0,0,0,0,0,0,0,0,0,0,0,0,0,0,0,0,0,0,0,0,0,0,0,0,0,0,0
403,Ward Pct 0403,415,180,0,127,50,1,2,0,116,37,22,0,0,0,0,0,0,0,134,40,0,0,0,0,0,0,0,0,0,0,0,0,0,0,0,0,0,0,0,0,0,0,0,131,42,0,0,0,0,0,0,0,134,41,0,113,5,131,41,0,0,0,124,49,0,133,39,0,115,8,112,10,0,0,0,0,0,0,0,0,0,0,0,0,0,0,0,0,0,0,0,0,0,0,0,0,0,0,0,0,0,0,0,0,0,0,0,0,0,0,0,0,0,0,0,0,0,0,0,0,0,0,0
404,Ward Pct 0404,703,302,0,216,80,1,3,2,187,71,32,0,0,0,0,0,0,0,215,74,0,0,0,0,0,0,0,0,0,0,0,0,0,0,0,0,0,0,0,0,0,0,0,0,0,0,212,74,0,0,0,0,221,70,0,166,20,204,83,0,0,0,194,93,0,212,73,0,178,18,169,17,0,0,0,0,0,0,0,0,0,0,0,0,0,0,0,0,0,0,0,0,0,0,0,0,0,0,0,0,0,0,0,0,0,0,0,0,0,0,0,0,0,0,0,0,0,0,0,0,0,0,0
406,Ward Pct 0406,619,279,0,182,91,3,1,2,167,73,24,1,0,0,0,0,0,0,191,79,1,0,0,0,0,0,0,0,0,0,0,0,0,0,0,0,0,180,83,1,0,0,0,0,0,0,0,0,0,0,0,0,189,73,1,168,23,187,75,1,0,0,169,88,1,186,78,2,169,16,170,17,0,0,0,0,0,0,0,0,0,0,0,0,0,0,0,0,0,0,0,0,0,0,0,0,0,0,0,0,0,0,0,0,0,0,0,0,0,0,0,0,0,0,0,0,0,0,0,0,0,0,0
407,Ward Pct 0407,372,171,0,117,47,1,5,0,105,48,12,0,0,0,0,0,0,0,115,47,0,0,0,0,0,0,0,0,0,0,0,0,0,0,0,0,0,0,0,0,0,0,0,0,0,0,117,40,0,0,0,0,130,38,0,98,3,115,47,1,0,0,102,62,0,119,43,0,104,1,102,3,0,0,0,0,0,0,0,0,0,0,0,0,0,0,0,0,0,0,0,0,0,0,0,0,0,0,0,0,0,0,0,0,0,0,0,0,0,0,0,0,0,0,0,0,0,0,0,0,0,0,0
408,Ward Pct 0408,539,263,0,156,98,0,5,4,146,92,15,0,0,0,0,0,0,0,163,89,0,0,0,0,0,0,0,0,0,0,0,0,0,0,0,0,0,0,0,0,0,0,0,0,0,0,150,98,0,0,0,0,154,96,1,175,17,149,102,0,0,0,147,104,0,152,96,0,183,9,182,12,0,0,0,0,0,0,0,0,0,0,0,0,0,0,0,0,0,0,0,0,0,0,0,0,0,0,0,0,0,0,0,0,0,0,0,0,0,0,0,0,0,0,0,0,0,0,0,0,0,0,0
409,Ward Pct 0409,529,293,0,201,82,0,6,2,184,75,28,1,0,0,0,0,0,0,202,82,3,0,0,0,0,0,0,0,0,0,0,0,0,0,0,0,0,0,0,0,0,0,0,0,0,0,208,77,1,0,0,0,212,73,1,184,18,210,75,1,0,0,200,83,1,205,78,1,190,11,189,13,0,0,0,0,0,0,0,0,0,0,0,0,0,0,0,0,0,0,0,0,0,0,0,0,0,0,0,0,0,0,0,0,0,0,0,0,0,0,0,0,0,0,0,0,0,0,0,0,0,0,0
410,Ward Pct 0410,559,324,0,220,92,3,7,0,197,86,33,0,0,0,0,0,0,0,218,90,1,0,0,0,0,0,0,0,0,0,0,0,0,0,0,0,0,0,0,0,0,0,0,0,0,0,222,84,0,0,0,0,224,90,0,205,12,209,100,1,0,0,201,113,1,223,93,1,214,11,205,10,0,0,0,0,0,0,0,0,0,0,0,0,0,0,0,0,0,0,0,0,0,0,0,0,0,0,0,0,0,0,0,0,0,0,0,0,0,0,0,0,0,0,0,0,0,0,0,0,0,0,0
411,Ward Pct 0411,146,103,0,51,46,0,4,2,50,43,7,0,0,0,0,0,0,0,46,48,1,0,0,0,0,0,0,0,0,0,0,0,0,0,0,0,0,0,0,0,0,0,0,0,0,0,50,45,0,0,0,0,54,44,0,69,10,57,37,1,0,0,46,52,1,57,40,0,72,7,68,7,0,0,0,0,0,0,0,0,0,0,0,0,0,0,0,0,0,0,0,0,0,0,0,0,0,0,0,0,0,0,0,0,0,0,0,0,0,0,0,0,0,0,0,0,0,0,0,0,0,0,0
414,Ward Pct 0414,62,23,0,19,4,0,0,0,18,3,1,0,0,0,0,0,0,0,17,5,0,0,0,0,0,0,0,0,0,0,0,0,0,0,0,0,0,0,0,0,0,0,0,0,0,0,21,2,0,0,0,0,19,3,0,11,2,19,3,0,0,0,18,5,0,17,5,0,13,1,12,1,0,0,0,0,0,0,0,0,0,0,0,0,0,0,0,0,0,0,0,0,0,0,0,0,0,0,0,0,0,0,0,0,0,0,0,0,0,0,0,0,0,0,0,0,0,0,0,0,0,0,0
415,Ward Pct 0415,348,198,0,108,85,0,2,2,94,75,20,1,0,0,0,0,0,0,101,84,0,0,0,0,0,0,0,0,0,0,0,0,0,0,0,0,0,0,0,0,97,91,0,0,0,0,0,0,0,0,0,0,104,84,1,136,5,100,81,0,0,0,95,90,0,102,83,0,136,3,133,4,0,0,0,0,0,0,0,0,0,0,0,0,0,0,0,0,0,0,0,0,0,0,0,0,0,0,0,0,0,0,0,0,0,0,0,0,0,0,0,0,0,0,0,0,0,0,0,0,0,0,0
501,Ward Pct 0501,456,247,0,169,68,2,5,2,160,61,21,0,0,0,0,0,0,0,170,69,0,0,0,0,0,0,0,0,0,0,0,0,0,0,0,0,0,0,0,0,0,0,0,0,0,0,171,60,0,0,0,0,178,60,0,145,14,163,71,1,0,0,157,79,0,169,66,0,153,13,143,13,0,0,0,0,0,0,0,0,0,0,0,0,0,0,0,0,0,0,0,0,0,0,0,0,0,0,0,0,0,0,0,0,0,0,0,0,0,0,0,0,0,0,0,0,0,0,0,0,0,0,0
502,Ward Pct 0502,493,236,0,150,81,0,1,3,135,62,32,0,0,0,0,0,0,0,149,79,0,0,0,0,0,0,0,0,0,0,0,0,0,0,0,0,0,0,0,0,0,0,0,0,0,0,155,71,0,0,0,0,155,74,0,156,14,145,78,0,0,0,134,93,0,151,74,0,161,5,161,8,0,0,0,0,0,0,0,0,0,0,0,0,0,0,0,0,0,0,0,0,0,0,0,0,0,0,0,0,0,0,0,0,0,0,0,0,0,0,0,0,0,0,0,0,0,0,0,0,0,0,0
503,Ward Pct 0503,460,248,0,155,85,2,4,1,141,77,23,0,0,0,0,0,0,0,155,84,0,0,0,0,0,0,0,0,0,0,0,0,0,0,0,0,0,0,0,0,0,0,0,0,0,0,159,77,0,0,0,0,165,73,0,168,13,158,77,0,0,0,143,94,0,165,72,0,176,7,168,11,0,0,0,0,0,0,0,0,0,0,0,0,0,0,0,0,0,0,0,0,0,0,0,0,0,0,0,0,0,0,0,0,0,0,0,0,0,0,0,0,0,0,0,0,0,0,0,0,0,0,0
504,Ward Pct 0504,475,291,0,174,112,1,3,1,162,103,21,0,0,0,0,0,0,0,179,105,0,0,0,0,0,0,0,0,0,0,0,0,0,0,0,0,0,0,0,0,0,0,0,0,0,0,180,100,0,0,0,0,181,99,0,196,14,0,0,0,194,10,162,119,0,177,104,0,199,9,201,8,0,0,0,0,0,0,0,0,0,0,0,0,0,0,0,0,0,0,0,0,0,0,0,0,0,0,0,0,0,0,0,0,0,0,0,0,0,0,0,0,0,0,0,0,0,0,0,0,0,0,0
505,Ward Pct 0505,538,283,0,185,92,1,5,0,168,82,28,0,0,0,0,0,0,0,189,87,0,0,0,0,0,0,0,0,0,0,0,0,0,0,0,0,0,0,0,0,0,0,0,0,0,0,188,86,0,0,0,0,196,80,0,196,6,191,86,0,0,0,175,102,0,182,91,0,194,2,184,5,0,0,0,0,0,0,0,0,0,0,0,0,0,0,0,0,0,0,0,0,0,0,0,0,0,0,0,0,0,0,0,0,0,0,0,0,0,0,0,0,0,0,0,0,0,0,0,0,0,0,0
506,Ward Pct 0506,446,231,0,158,67,1,4,0,137,58,27,0,0,0,0,0,0,0,155,68,0,0,0,0,0,0,0,0,0,0,0,0,0,0,0,0,0,0,0,0,0,0,0,0,0,0,158,63,0,0,0,0,161,64,1,141,7,0,0,0,139,10,143,76,0,163,58,0,144,8,144,7,0,0,0,0,0,0,0,0,0,0,0,0,0,0,0,0,0,0,0,0,0,0,0,0,0,0,0,0,0,0,0,0,0,0,0,0,0,0,0,0,0,0,0,0,0,0,0,0,0,0,0
507,Ward Pct 0507,434,266,0,183,74,1,4,4,164,66,28,2,0,0,0,0,0,0,187,71,1,0,0,0,0,0,0,0,0,0,0,0,0,0,0,0,0,0,0,0,0,0,0,0,0,0,188,64,1,0,0,0,188,65,1,161,16,0,0,0,160,13,171,78,1,187,64,1,165,11,159,15,0,0,0,0,0,0,0,0,0,0,0,0,0,0,0,0,0,0,0,0,0,0,0,0,0,0,0,0,0,0,0,0,0,0,0,0,0,0,0,0,0,0,0,0,0,0,0,0,0,0,0
508,Ward Pct 0508,372,244,0,155,82,1,3,2,146,72,21,0,153,81,0,0,0,0,0,0,0,0,0,0,0,0,0,0,0,0,0,0,0,0,0,0,0,0,0,0,0,0,0,0,0,0,153,78,0,143,85,0,0,0,0,155,13,0,0,0,152,11,140,95,0,160,74,0,158,10,153,11,0,0,0,0,0,0,0,0,0,0,0,0,0,0,0,0,0,0,0,0,0,0,0,0,0,0,0,0,0,0,0,0,0,0,0,0,0,0,0,0,0,0,0,0,0,0,0,0,0,0,0
509,Ward Pct 0509,695,487,0,278,201,2,5,0,260,186,25,0,263,205,0,0,0,0,0,0,0,0,0,0,0,0,0,0,0,0,0,0,0,0,0,0,0,0,0,0,0,0,0,0,0,0,271,191,1,253,206,0,0,0,0,342,21,0,0,0,338,18,225,238,1,278,185,0,345,12,351,9,0,0,0,0,0,0,0,0,0,0,0,0,0,0,0,0,0,0,0,0,0,0,0,0,0,0,0,0,0,0,0,0,0,0,0,0,0,0,0,0,0,0,0,0,0,0,0,0,0,0,0
510,Ward Pct 0510,732,533,0,285,231,3,7,4,282,216,30,0,293,235,0,0,0,0,0,0,0,0,0,0,0,0,0,0,0,0,0,0,0,0,0,0,0,0,0,0,0,0,0,0,0,0,296,226,0,279,239,1,0,0,0,397,22,0,0,0,394,15,242,280,1,298,222,0,397,14,394,17,0,0,0,0,0,0,0,0,0,0,0,0,0,0,0,0,0,0,0,0,0,0,0,0,0,0,0,0,0,0,0,0,0,0,0,0,0,0,0,0,0,0,0,0,0,0,0,0,0,0,0
511,Ward Pct 0511,670,519,0,278,225,2,9,5,270,216,26,0,290,220,0,0,0,0,0,0,0,0,0,0,0,0,0,0,0,0,0,0,0,0,0,0,0,0,0,0,0,0,0,301,203,0,0,0,0,266,235,3,0,0,0,366,21,283,223,0,0,0,245,254,1,291,213,0,369,14,361,17,0,0,0,0,0,0,0,0,0,0,0,0,0,0,0,0,0,0,0,0,0,0,0,0,0,0,0,0,0,0,0,0,0,0,0,0,0,0,0,0,0,0,0,0,0,0,0,0,0,0,0
512,Ward Pct 0512,0,0,0,0,0,0,0,0,0,0,0,0,0,0,0,0,0,0,0,0,0,0,0,0,0,0,0,0,0,0,0,0,0,0,0,0,0,0,0,0,0,0,0,0,0,0,0,0,0,0,0,0,0,0,0,0,0,0,0,0,0,0,0,0,0,0,0,0,0,0,0,0,0,0,0,0,0,0,0,0,0,0,0,0,0,0,0,0,0,0,0,0,0,0,0,0,0,0,0,0,0,0,0,0,0,0,0,0,0,0,0,0,0,0,0,0,0,0,0,0,0,0,0
514,Ward Pct 0514,444,356,0,147,191,7,8,1,135,193,18,0,132,214,0,0,0,0,0,0,0,0,0,0,0,0,0,0,0,0,0,0,0,0,0,0,0,0,0,0,0,0,0,148,189,0,0,0,0,136,198,0,0,0,0,289,5,145,189,0,0,0,108,222,0,149,182,0,289,4,284,4,0,0,0,0,0,0,0,0,0,0,0,0,0,0,0,0,0,0,0,0,0,0,0,0,0,0,0,0,0,0,0,0,0,0,0,0,0,0,0,0,0,0,0,0,0,0,0,0,0,0,0
515,Ward Pct 0515,195,147,0,74,69,1,1,2,72,71,3,0,65,80,0,0,0,0,0,0,0,0,0,0,0,0,0,0,0,0,0,0,0,0,0,0,0,0,0,0,0,0,0,0,0,0,74,68,0,68,75,1,0,0,0,112,4,0,0,0,113,3,54,88,0,75,65,0,112,4,104,5,0,0,0,0,0,0,0,0,0,0,0,0,0,0,0,0,0,0,0,0,0,0,0,0,0,0,0,0,0,0,0,0,0,0,0,0,0,0,0,0,0,0,0,0,0,0,0,0,0,0,0
591,Ward Pct 0591,230,161,0,96,60,0,3,2,92,60,7,0,96,62,0,0,0,0,0,0,0,0,0,0,0,0,0,0,0,0,0,0,0,0,0,0,0,0,0,0,0,0,0,0,0,0,98,60,0,91,64,0,0,0,0,111,4,0,0,0,109,3,84,73,0,97,59,0,110,5,106,5,0,0,0,0,0,0,0,0,0,0,0,0,0,0,0,0,0,0,0,0,0,0,0,0,0,0,0,0,0,0,0,0,0,0,0,0,0,0,0,0,0,0,0,0,0,0,0,0,0,0,0
601,Ward Pct 0601,494,195,0,148,41,1,3,2,144,34,13,0,0,0,0,0,0,0,144,42,0,0,0,0,0,0,0,0,0,0,0,0,0,0,0,0,0,0,0,0,0,0,0,0,0,0,145,42,0,0,0,0,147,41,2,114,9,0,0,0,112,9,129,57,0,146,41,0,115,5,113,5,0,0,0,0,0,0,0,0,0,0,0,0,0,0,0,0,0,0,0,0,0,0,0,0,0,0,0,0,0,0,0,0,0,0,0,0,0,0,0,0,0,0,0,0,0,0,0,0,0,0,0
602,Ward Pct 0602,616,241,0,156,79,2,3,1,134,80,23,0,0,0,0,0,0,0,155,82,0,0,0,0,0,0,0,0,0,0,0,0,0,0,0,0,0,0,0,0,0,0,0,0,0,0,150,85,0,0,0,0,160,77,0,183,10,0,0,0,186,9,146,91,0,155,81,0,190,7,187,7,0,0,0,0,0,0,0,0,0,0,0,0,0,0,0,0,0,0,0,0,0,0,0,0,0,0,0,0,0,0,0,0,0,0,0,0,0,0,0,0,0,0,0,0,0,0,0,0,0,0,0
603,Ward Pct 0603,517,405,0,257,132,1,8,3,226,149,23,0,0,0,0,0,0,0,243,137,0,0,0,0,0,0,0,0,0,0,0,0,0,0,0,0,0,0,0,0,246,139,0,0,0,0,0,0,0,0,0,0,245,136,2,291,10,0,0,0,275,8,207,174,1,248,137,0,271,8,276,8,0,0,0,0,0,0,0,0,0,0,0,0,0,0,0,0,0,0,0,0,0,0,0,0,0,0,0,0,0,0,0,0,0,0,0,0,0,0,0,0,0,0,0,0,0,0,0,0,0,0,0
604,Ward Pct 0604,660,391,0,228,152,3,7,1,214,138,33,0,0,0,0,0,0,0,235,144,0,0,0,0,0,0,0,0,0,0,0,0,0,0,0,0,0,0,0,0,220,152,2,0,0,0,0,0,0,0,0,0,233,145,1,271,20,0,0,0,255,23,213,163,1,237,142,1,269,15,266,14,0,0,0,0,0,0,0,0,0,0,0,0,0,0,0,0,0,0,0,0,0,0,0,0,0,0,0,0,0,0,0,0,0,0,0,0,0,0,0,0,0,0,0,0,0,0,0,0,0,0,0
605,Ward Pct 0605,528,322,0,193,121,0,5,1,174,109,25,0,0,0,0,0,0,0,187,113,1,0,0,0,0,0,0,0,0,0,0,0,0,0,0,0,0,0,0,0,184,116,1,0,0,0,0,0,0,0,0,0,186,116,1,233,10,0,0,0,225,12,173,128,1,192,107,1,235,7,226,9,0,0,0,0,0,0,0,0,0,0,0,0,0,0,0,0,0,0,0,0,0,0,0,0,0,0,0,0,0,0,0,0,0,0,0,0,0,0,0,0,0,0,0,0,0,0,0,0,0,0,0
606,Ward Pct 0606,442,223,0,126,89,2,4,1,119,76,21,0,0,0,0,0,0,0,135,84,0,0,0,0,0,0,0,0,0,0,0,0,0,0,0,0,0,0,0,0,133,85,0,0,0,0,0,0,0,0,0,0,144,72,0,160,13,0,0,0,153,11,122,93,0,139,78,1,160,7,154,11,0,0,0,0,0,0,0,0,0,0,0,0,0,0,0,0,0,0,0,0,0,0,0,0,0,0,0,0,0,0,0,0,0,0,0,0,0,0,0,0,0,0,0,0,0,0,0,0,0,0,0
607,Ward Pct 0607,421,176,0,101,67,2,4,1,86,64,22,0,0,0,0,0,0,0,0,0,0,96,72,1,0,0,0,0,0,0,0,0,0,0,0,0,0,0,0,0,105,64,1,0,0,0,0,0,0,0,0,0,109,62,0,119,13,0,0,0,114,15,102,65,1,104,62,1,117,10,119,9,0,0,0,0,0,0,0,0,0,0,0,0,0,0,0,0,0,0,0,0,0,0,0,0,0,0,0,0,0,0,0,0,0,0,0,0,0,0,0,0,0,0,0,0,0,0,0,0,0,0,0
608,Ward Pct 0608,695,399,1,250,135,5,5,3,231,118,38,0,0,0,0,0,0,0,253,132,1,0,0,0,0,0,0,0,0,0,0,0,0,0,0,0,0,0,0,0,0,0,0,0,0,0,257,127,0,0,0,0,259,120,0,268,20,0,0,0,257,23,227,153,1,251,130,1,269,13,268,14,0,0,0,0,0,0,0,0,0,0,0,0,0,0,0,0,0,0,0,0,0,0,0,0,0,0,0,0,0,0,0,0,0,0,0,0,0,0,0,0,0,0,0,0,0,0,0,0,0,0,0
609,Ward Pct 0609,1450,964,0,450,484,7,13,8,422,434,78,0,0,0,0,0,0,0,0,0,0,414,516,2,0,0,0,0,0,0,0,0,0,0,0,0,0,0,0,0,439,483,0,0,0,0,0,0,0,0,0,0,467,454,0,719,44,0,0,0,718,35,404,515,0,471,447,0,730,36,726,32,0,0,0,0,0,0,0,0,0,0,0,0,0,0,0,0,0,0,0,0,0,0,0,0,0,0,0,0,0,0,0,0,0,0,0,0,0,0,0,0,0,0,0,0,0,0,0,0,0,0,0
610,Ward Pct 0610,0,0,0,0,0,0,0,0,0,0,0,0,0,0,0,0,0,0,0,0,0,0,0,0,0,0,0,0,0,0,0,0,0,0,0,0,0,0,0,0,0,0,0,0,0,0,0,0,0,0,0,0,0,0,0,0,0,0,0,0,0,0,0,0,0,0,0,0,0,0,0,0,0,0,0,0,0,0,0,0,0,0,0,0,0,0,0,0,0,0,0,0,0,0,0,0,0,0,0,0,0,0,0,0,0,0,0,0,0,0,0,0,0,0,0,0,0,0,0,0,0,0,0
611,Ward Pct 0611,0,0,0,0,0,0,0,0,0,0,0,0,0,0,0,0,0,0,0,0,0,0,0,0,0,0,0,0,0,0,0,0,0,0,0,0,0,0,0,0,0,0,0,0,0,0,0,0,0,0,0,0,0,0,0,0,0,0,0,0,0,0,0,0,0,0,0,0,0,0,0,0,0,0,0,0,0,0,0,0,0,0,0,0,0,0,0,0,0,0,0,0,0,0,0,0,0,0,0,0,0,0,0,0,0,0,0,0,0,0,0,0,0,0,0,0,0,0,0,0,0,0,0
612,Ward Pct 0612,0,0,0,0,0,0,0,0,0,0,0,0,0,0,0,0,0,0,0,0,0,0,0,0,0,0,0,0,0,0,0,0,0,0,0,0,0,0,0,0,0,0,0,0,0,0,0,0,0,0,0,0,0,0,0,0,0,0,0,0,0,0,0,0,0,0,0,0,0,0,0,0,0,0,0,0,0,0,0,0,0,0,0,0,0,0,0,0,0,0,0,0,0,0,0,0,0,0,0,0,0,0,0,0,0,0,0,0,0,0,0,0,0,0,0,0,0,0,0,0,0,0,0
701,Ward Pct 0701,487,385,0,255,118,2,6,1,249,112,21,1,0,0,0,0,0,0,261,118,2,0,0,0,0,0,0,0,0,0,0,0,0,0,0,0,0,267,115,1,0,0,0,0,0,0,0,0,0,0,0,0,261,119,1,241,35,262,116,1,0,0,238,138,1,265,114,1,244,42,243,20,0,0,0,0,0,0,0,0,0,0,0,0,0,0,0,0,0,0,0,0,0,0,0,0,0,0,0,0,0,0,0,0,0,0,0,0,0,0,0,0,0,0,0,0,0,0,0,0,0,0,0
702,Ward Pct 0702,537,311,0,173,126,4,4,2,162,125,19,0,0,0,0,0,0,0,170,134,0,0,0,0,0,0,0,0,0,0,0,0,0,0,0,0,0,175,122,0,0,0,0,0,0,0,0,0,0,0,0,0,181,121,0,213,16,0,0,0,0,0,155,147,0,177,119,0,222,8,221,8,0,0,0,0,0,0,0,0,0,0,0,0,0,0,0,0,0,0,0,0,0,0,0,0,0,0,0,0,0,0,0,0,0,0,0,0,0,0,0,0,0,0,0,0,0,0,0,0,0,0,0
703,Ward Pct 0703,565,340,0,193,131,3,9,0,177,117,36,0,0,0,0,0,0,0,201,129,2,0,0,0,0,0,0,0,0,0,0,0,0,0,0,0,0,201,124,1,0,0,0,0,0,0,0,0,0,0,0,0,200,131,0,240,17,0,0,0,0,0,181,146,0,204,125,1,246,13,241,13,0,0,0,0,0,0,0,0,0,0,0,0,0,0,0,0,0,0,0,0,0,0,0,0,0,0,0,0,0,0,0,0,0,0,0,0,0,0,0,0,0,0,0,0,0,0,0,0,0,0,0
704,Ward Pct 0704,556,344,0,188,145,2,6,1,179,127,26,1,0,0,0,0,0,0,192,132,0,0,0,0,0,0,0,0,0,0,0,0,0,0,0,0,0,193,133,0,0,0,0,0,0,0,0,0,0,0,0,0,189,139,1,230,16,0,0,0,0,0,160,157,0,184,137,1,242,11,237,11,0,0,0,0,0,0,0,0,0,0,0,0,0,0,0,0,0,0,0,0,0,0,0,0,0,0,0,0,0,0,0,0,0,0,0,0,0,0,0,0,0,0,0,0,0,0,0,0,0,0,0
705,Ward Pct 0705,436,300,0,152,136,4,5,3,145,126,25,0,0,0,0,0,0,0,160,132,0,0,0,0,0,0,0,0,0,0,0,0,0,0,0,0,0,161,132,0,0,0,0,0,0,0,0,0,0,0,0,0,170,121,0,208,15,0,0,0,0,0,145,145,1,162,128,1,212,13,211,12,0,0,0,0,0,0,0,0,0,0,0,0,0,0,0,0,0,0,0,0,0,0,0,0,0,0,0,0,0,0,0,0,0,0,0,0,0,0,0,0,0,0,0,0,0,0,0,0,0,0,0
706,Ward Pct 0706,413,270,0,151,114,0,4,0,139,103,24,0,0,0,0,0,0,0,145,116,0,0,0,0,0,0,0,0,0,0,0,0,0,0,0,0,0,148,115,0,0,0,0,0,0,0,0,0,0,0,0,0,157,108,0,193,9,0,0,0,0,0,136,128,0,159,107,0,202,4,197,5,0,0,0,0,0,0,0,0,0,0,0,0,0,0,0,0,0,0,0,0,0,0,0,0,0,0,0,0,0,0,0,0,0,0,0,0,0,0,0,0,0,0,0,0,0,0,0,0,0,0,0
707,Ward Pct 0707,433,264,0,164,88,2,4,4,155,83,18,0,0,0,0,0,0,0,168,86,0,0,0,0,0,0,0,0,0,0,0,0,0,0,0,0,0,166,87,0,0,0,0,0,0,0,0,0,0,0,0,0,168,86,0,178,14,164,88,1,0,0,156,100,0,172,84,0,189,6,182,8,0,0,0,0,0,0,0,0,0,0,0,0,0,0,0,0,0,0,0,0,0,0,0,0,0,0,0,0,0,0,0,0,0,0,0,0,0,0,0,0,0,0,0,0,0,0,0,0,0,0,0
709,Ward Pct 0709,368,271,0,135,127,0,5,1,122,126,18,0,0,0,0,0,0,0,131,130,0,0,0,0,0,0,0,0,0,0,0,0,0,0,0,0,0,136,128,0,0,0,0,0,0,0,0,0,0,0,0,0,131,133,0,205,8,0,0,0,0,0,114,148,0,135,127,0,214,2,210,2,0,0,0,0,0,0,0,0,0,0,0,0,0,0,0,0,0,0,0,0,0,0,0,0,0,0,0,0,0,0,0,0,0,0,0,0,0,0,0,0,0,0,0,0,0,0,0,0,0,0,0
710,Ward Pct 0710,445,305,0,182,109,5,6,0,174,102,24,0,0,0,0,0,0,0,187,111,0,0,0,0,0,0,0,0,0,0,0,0,0,0,0,0,0,186,108,0,0,0,0,0,0,0,0,0,0,0,0,0,191,104,0,218,17,0,0,0,0,0,163,133,0,189,106,0,223,10,217,14,0,0,0,0,0,0,0,0,0,0,0,0,0,0,0,0,0,0,0,0,0,0,0,0,0,0,0,0,0,0,0,0,0,0,0,0,0,0,0,0,0,0,0,0,0,0,0,0,0,0,0
711,Ward Pct 0711,636,471,0,293,167,3,4,1,274,148,29,0,0,0,0,0,0,0,296,150,1,0,0,0,0,0,0,0,0,0,0,0,0,0,0,0,0,291,156,0,0,0,0,0,0,0,0,0,0,0,0,0,291,158,1,298,32,0,0,0,0,0,261,183,0,281,164,0,317,12,301,19,0,0,0,0,0,0,0,0,0,0,0,0,0,0,0,0,0,0,0,0,0,0,0,0,0,0,0,0,0,0,0,0,0,0,0,0,0,0,0,0,0,0,0,0,0,0,0,0,0,0,0
801,Ward Pct 0801,494,269,0,174,87,3,5,0,153,75,29,0,0,0,0,0,0,0,174,84,0,0,0,0,0,0,0,0,0,0,0,0,0,0,0,0,0,176,80,0,0,0,0,0,0,0,0,0,0,0,0,0,180,79,0,173,23,183,73,1,0,0,160,93,0,173,81,1,178,16,174,16,0,0,0,0,0,0,0,0,0,0,0,0,0,0,0,0,0,0,0,0,0,0,0,0,0,0,0,0,0,0,0,0,0,0,0,0,0,0,0,0,0,0,0,0,0,0,0,0,0,0,0
802,Ward Pct 0802,496,293,0,189,93,1,6,3,173,90,27,0,0,0,0,0,0,0,195,93,0,0,0,0,0,0,0,0,0,0,0,0,0,0,0,0,0,185,103,0,0,0,0,0,0,0,0,0,0,0,0,0,190,94,1,188,13,183,99,1,0,0,172,107,0,190,92,0,197,7,185,9,0,0,0,0,0,0,0,0,0,0,0,0,0,0,0,0,0,0,0,0,0,0,0,0,0,0,0,0,0,0,0,0,0,0,0,0,0,0,0,0,0,0,0,0,0,0,0,0,0,0,0
803,Ward Pct 0803,580,395,0,276,105,2,6,5,256,112,21,0,0,0,0,0,0,0,281,104,1,0,0,0,0,0,0,0,0,0,0,0,0,0,0,0,0,283,103,0,0,0,0,0,0,0,0,0,0,0,0,0,271,116,0,253,31,0,0,0,0,0,248,134,0,277,110,0,259,19,251,22,0,0,0,0,0,0,0,0,0,0,0,0,0,0,0,0,0,0,0,0,0,0,0,0,0,0,0,0,0,0,0,0,0,0,0,0,0,0,0,0,0,0,0,0,0,0,0,0,0,0,0
804,Ward Pct 0804,570,375,0,232,129,2,6,5,220,112,35,0,0,0,0,0,0,0,230,133,0,0,0,0,0,0,0,0,0,0,0,0,0,0,0,0,0,233,133,0,0,0,0,0,0,0,0,0,0,0,0,0,235,123,0,246,22,0,0,0,0,0,195,164,0,238,127,0,262,9,254,17,0,0,0,0,0,0,0,0,0,0,0,0,0,0,0,0,0,0,0,0,0,0,0,0,0,0,0,0,0,0,0,0,0,0,0,0,0,0,0,0,0,0,0,0,0,0,0,0,0,0,0
805,Ward Pct 0805,765,607,0,324,258,1,12,9,317,239,36,1,0,0,0,0,0,0,336,242,2,0,0,0,0,0,0,0,0,0,0,0,0,0,0,0,0,333,246,2,0,0,0,0,0,0,0,0,0,0,0,0,333,246,0,379,32,0,0,0,0,0,323,255,1,327,246,1,401,19,378,23,0,0,0,0,0,0,0,0,0,0,0,0,0,0,0,0,0,0,0,0,0,0,0,0,0,0,0,0,0,0,0,0,0,0,0,0,0,0,0,0,0,0,0,0,0,0,0,0,0,0,0
806,Ward Pct 0806,398,314,0,181,123,2,5,3,169,125,14,0,0,0,0,0,0,0,0,0,0,134,174,0,0,0,0,0,0,0,0,0,0,0,0,0,0,185,120,0,0,0,0,0,0,0,0,0,0,0,0,0,180,126,0,221,19,0,0,0,0,0,143,156,0,176,123,0,222,13,219,15,0,0,0,0,0,0,0,0,0,0,0,0,0,0,0,0,0,0,0,0,0,0,0,0,0,0,0,0,0,0,0,0,0,0,0,0,0,0,0,0,0,0,0,0,0,0,0,0,0,0,0
807,Ward Pct 0807,545,301,0,196,92,3,3,6,190,79,23,1,0,0,0,0,0,0,193,92,1,0,0,0,0,0,0,0,0,0,0,0,0,0,0,0,0,207,83,0,0,0,0,0,0,0,0,0,0,0,0,0,204,88,1,189,17,0,0,0,0,0,182,106,2,211,79,1,202,11,201,11,0,0,0,0,0,0,0,0,0,0,0,0,0,0,0,0,0,0,0,0,0,0,0,0,0,0,0,0,0,0,0,0,0,0,0,0,0,0,0,0,0,0,0,0,0,0,0,0,0,0,0
808,Ward Pct 0808,454,326,0,210,107,3,2,4,199,99,18,1,0,0,0,0,0,0,211,104,1,0,0,0,0,0,0,0,0,0,0,0,0,0,0,0,0,212,107,0,0,0,0,0,0,0,0,0,0,0,0,0,212,102,0,220,18,0,0,0,0,0,185,131,0,209,104,0,230,12,226,12,0,0,0,0,0,0,0,0,0,0,0,0,0,0,0,0,0,0,0,0,0,0,0,0,0,0,0,0,0,0,0,0,0,0,0,0,0,0,0,0,0,0,0,0,0,0,0,0,0,0,0
809,Ward Pct 0809,540,441,0,243,185,5,5,3,232,170,29,2,0,0,0,0,0,0,0,0,0,214,213,3,0,0,0,0,0,0,0,0,0,0,0,0,0,251,173,1,0,0,0,0,0,0,0,0,0,0,0,0,242,185,0,297,25,0,0,0,0,0,216,207,0,251,175,0,308,11,295,15,0,0,0,0,0,0,0,0,0,0,0,0,0,0,0,0,0,0,0,0,0,0,0,0,0,0,0,0,0,0,0,0,0,0,0,0,0,0,0,0,0,0,0,0,0,0,0,0,0,0,0
810,Ward Pct 0810,395,325,0,166,145,3,5,2,165,144,10,0,0,0,0,0,0,0,0,0,0,124,194,2,0,0,0,0,0,0,0,0,0,0,0,0,0,180,137,0,0,0,0,0,0,0,0,0,0,0,0,0,173,145,0,230,14,0,0,0,0,0,142,173,0,177,139,0,237,6,224,13,0,0,0,0,0,0,0,0,0,0,0,0,0,0,0,0,0,0,0,0,0,0,0,0,0,0,0,0,0,0,0,0,0,0,0,0,0,0,0,0,0,0,0,0,0,0,0,0,0,0,0
811,Ward Pct 0811,585,444,0,258,177,1,4,3,248,170,18,0,0,0,0,0,0,0,0,0,0,206,225,1,0,0,0,0,0,0,0,0,0,0,0,0,0,260,174,0,0,0,0,0,0,0,0,0,0,0,0,0,261,173,0,333,13,0,0,0,0,0,216,209,0,252,173,0,346,9,333,13,0,0,0,0,0,0,0,0,0,0,0,0,0,0,0,0,0,0,0,0,0,0,0,0,0,0,0,0,0,0,0,0,0,0,0,0,0,0,0,0,0,0,0,0,0,0,0,0,0,0,0
901,Ward Pct 0901,139,85,0,41,38,0,1,5,39,33,10,0,0,0,0,0,0,0,46,34,0,0,0,0,0,0,0,0,0,0,0,0,0,0,0,0,0,0,0,0,46,34,0,0,0,0,0,0,0,0,0,0,50,30,0,52,8,0,0,0,0,0,42,37,0,48,33,0,55,6,53,7,0,0,0,0,0,0,0,0,0,0,0,0,0,0,0,0,0,0,0,0,0,0,0,0,0,0,0,0,0,0,0,0,0,0,0,0,0,0,0,0,0,0,0,0,0,0,0,0,0,0,0
902,Ward Pct 0902,449,261,0,146,112,0,1,0,129,106,18,0,0,0,0,0,0,0,0,0,0,125,126,0,0,0,0,0,0,0,0,0,0,0,0,0,0,0,0,0,138,112,0,0,0,0,0,0,0,0,0,0,136,114,0,184,11,0,0,0,0,0,127,125,0,141,106,0,187,7,187,8,0,0,0,0,0,0,0,0,0,0,0,0,0,0,0,0,0,0,0,0,0,0,0,0,0,0,0,0,0,0,0,0,0,0,0,0,0,0,0,0,0,0,0,0,0,0,0,0,0,0,0
903,Ward Pct 0903,710,489,0,290,187,2,2,4,272,184,19,0,0,0,0,0,0,0,0,0,0,232,239,0,0,0,0,0,0,0,0,0,0,0,0,0,0,0,0,0,272,194,1,0,0,0,0,0,0,0,0,0,284,185,0,334,27,0,0,0,0,0,253,215,0,300,171,0,354,15,346,22,0,0,0,0,0,0,0,0,0,0,0,0,0,0,0,0,0,0,0,0,0,0,0,0,0,0,0,0,0,0,0,0,0,0,0,0,0,0,0,0,0,0,0,0,0,0,0,0,0,0,0
904,Ward Pct 0904,582,457,0,266,175,4,3,4,250,170,29,1,0,0,0,0,0,0,265,178,1,0,0,0,0,0,0,0,0,0,0,0,0,0,0,0,0,0,0,0,267,171,1,0,0,0,0,0,0,0,0,0,260,181,3,340,18,0,0,0,0,0,231,209,2,264,175,2,339,12,334,12,0,0,0,0,0,0,0,0,0,0,0,0,0,0,0,0,0,0,0,0,0,0,0,0,0,0,0,0,0,0,0,0,0,0,0,0,0,0,0,0,0,0,0,0,0,0,0,0,0,0,0
905,Ward Pct 0905,601,391,0,231,144,4,7,5,218,122,37,0,0,0,0,0,0,0,0,0,0,210,160,2,0,0,0,0,0,0,0,0,0,0,0,0,0,0,0,0,230,140,2,0,0,0,0,0,0,0,0,0,245,132,0,271,24,0,0,0,273,15,209,164,1,228,141,1,284,12,271,15,0,0,0,0,0,0,0,0,0,0,0,0,0,0,0,0,0,0,0,0,0,0,0,0,0,0,0,0,0,0,0,0,0,0,0,0,0,0,0,0,0,0,0,0,0,0,0,0,0,0,0
906,Ward Pct 0906,634,422,0,267,140,3,8,2,243,144,25,0,0,0,0,0,0,0,0,0,0,229,181,0,0,0,0,0,0,0,0,0,0,0,0,0,0,0,0,0,260,144,0,0,0,0,0,0,0,0,0,0,262,136,1,279,23,0,0,0,273,16,228,171,0,257,143,0,289,14,283,15,0,0,0,0,0,0,0,0,0,0,0,0,0,0,0,0,0,0,0,0,0,0,0,0,0,0,0,0,0,0,0,0,0,0,0,0,0,0,0,0,0,0,0,0,0,0,0,0,0,0,0
908,Ward Pct 0908,935,550,1,325,208,2,7,4,286,188,61,0,0,0,0,0,0,0,0,0,0,297,231,0,0,0,0,0,0,0,0,0,0,0,0,0,0,0,0,0,328,193,3,0,0,0,0,0,0,0,0,0,319,207,0,394,22,0,0,0,387,19,286,236,0,329,197,0,400,14,386,16,0,0,0,0,0,0,0,0,0,0,0,0,0,0,0,0,0,0,0,0,0,0,0,0,0,0,0,0,0,0,0,0,0,0,0,0,0,0,0,0,0,0,0,0,0,0,0,0,0,0,0
909,Ward Pct 0909,398,322,0,172,138,1,5,5,166,130,21,0,0,0,0,0,0,0,172,138,1,0,0,0,0,0,0,0,0,0,0,0,0,0,0,0,0,0,0,0,176,137,1,0,0,0,0,0,0,0,0,0,168,142,0,238,11,0,0,0,233,10,149,161,0,173,135,0,249,4,239,6,0,0,0,0,0,0,0,0,0,0,0,0,0,0,0,0,0,0,0,0,0,0,0,0,0,0,0,0,0,0,0,0,0,0,0,0,0,0,0,0,0,0,0,0,0,0,0,0,0,0,0
910,Ward Pct 0910,880,681,0,405,256,5,11,4,379,234,52,0,0,0,0,0,0,0,0,0,0,331,333,0,0,0,0,0,0,0,0,0,0,0,0,0,0,0,0,0,405,253,0,0,0,0,0,0,0,0,0,0,428,235,0,458,43,0,0,0,456,31,353,301,1,408,252,0,461,27,456,33,0,0,0,0,0,0,0,0,0,0,0,0,0,0,0,0,0,0,0,0,0,0,0,0,0,0,0,0,0,0,0,0,0,0,0,0,0,0,0,0,0,0,0,0,0,0,0,0,0,0,0
911,Ward Pct 0911,462,379,0,233,131,1,5,3,231,130,13,0,0,0,0,0,0,0,227,141,0,0,0,0,0,0,0,0,0,0,0,0,0,0,0,0,0,0,0,0,233,136,0,0,0,0,0,0,0,0,0,0,235,133,0,274,18,0,0,0,273,14,184,184,0,236,134,0,280,11,277,15,0,0,0,0,0,0,0,0,0,0,0,0,0,0,0,0,0,0,0,0,0,0,0,0,0,0,0,0,0,0,0,0,0,0,0,0,0,0,0,0,0,0,0,0,0,0,0,0,0,0,0
912,Ward Pct 0912,301,172,0,96,72,3,0,1,86,62,21,1,0,0,0,0,0,0,105,63,0,0,0,0,0,0,0,0,0,0,0,0,0,0,0,0,0,0,0,0,99,63,2,0,0,0,0,0,0,0,0,0,103,63,0,118,6,0,0,0,0,0,97,66,0,102,60,1,118,4,115,4,0,0,0,0,0,0,0,0,0,0,0,0,0,0,0,0,0,0,0,0,0,0,0,0,0,0,0,0,0,0,0,0,0,0,0,0,0,0,0,0,0,0,0,0,0,0,0,0,0,0,0
1001,Ward Pct 1001,585,379,0,232,137,0,4,5,221,135,14,0,0,0,0,216,150,1,0,0,0,0,0,0,0,0,0,0,0,0,215,130,17,1,0,0,0,0,0,0,0,0,0,0,0,0,0,0,0,0,0,0,0,0,0,264,17,0,0,0,0,0,191,168,1,234,127,2,272,9,263,11,0,0,0,0,0,0,0,0,0,0,0,0,0,0,0,0,0,0,0,0,0,0,0,0,0,0,0,0,0,0,0,0,0,0,0,0,0,0,0,0,0,0,0,0,0,0,0,0,0,0,0
1002,Ward Pct 1002,411,331,0,170,153,2,2,3,160,159,10,0,0,0,0,158,168,1,0,0,0,0,0,0,0,0,0,0,0,0,165,148,13,0,0,0,0,0,0,0,0,0,0,0,0,0,0,0,0,0,0,0,0,0,0,241,7,0,0,0,0,0,144,180,0,170,154,0,243,6,237,7,0,0,0,0,0,0,0,0,0,0,0,0,0,0,0,0,0,0,0,0,0,0,0,0,0,0,0,0,0,0,0,0,0,0,0,0,0,0,0,0,0,0,0,0,0,0,0,0,0,0,0
1003,Ward Pct 1003,864,644,0,338,285,3,5,4,319,281,21,1,0,0,0,0,0,0,0,0,0,238,376,1,0,0,0,0,0,0,302,285,25,0,0,0,0,0,0,0,0,0,0,0,0,0,0,0,0,0,0,0,321,284,0,485,16,0,0,0,0,0,263,345,0,345,267,1,481,12,474,17,0,0,0,0,0,0,0,0,0,0,0,0,0,0,0,0,0,0,0,0,0,0,0,0,0,0,0,0,0,0,0,0,0,0,0,0,0,0,0,0,0,0,0,0,0,0,0,0,0,0,0
1004,Ward Pct 1004,543,342,0,191,138,1,5,7,177,127,27,0,0,0,0,177,145,0,0,0,0,0,0,0,0,0,0,0,0,0,171,136,20,0,0,0,0,0,0,0,0,0,0,0,0,0,0,0,0,0,0,0,0,0,0,237,10,0,0,0,0,0,172,155,0,198,130,0,235,8,232,10,0,0,0,0,0,0,0,0,0,0,0,0,0,0,0,0,0,0,0,0,0,0,0,0,0,0,0,0,0,0,0,0,0,0,0,0,0,0,0,0,0,0,0,0,0,0,0,0,0,0,0
1005,Ward Pct 1005,480,347,0,174,160,1,6,3,167,151,22,0,0,0,0,0,0,0,0,0,0,151,186,1,0,0,0,0,0,0,169,154,15,0,0,0,0,0,0,0,0,0,0,0,0,0,0,0,0,0,0,0,185,149,0,236,15,0,0,0,0,0,147,185,0,178,154,0,245,11,246,12,0,0,0,0,0,0,0,0,0,0,0,0,0,0,0,0,0,0,0,0,0,0,0,0,0,0,0,0,0,0,0,0,0,0,0,0,0,0,0,0,0,0,0,0,0,0,0,0,0,0,0
1006,Ward Pct 1006,420,311,0,172,131,2,2,2,174,117,17,1,0,0,0,0,0,0,0,0,0,145,157,2,0,0,0,0,0,0,162,130,15,0,0,0,0,0,0,0,0,0,0,0,0,0,0,0,0,0,0,0,176,126,0,230,12,0,0,0,0,0,146,156,0,180,118,0,228,9,225,9,0,0,0,0,0,0,0,0,0,0,0,0,0,0,0,0,0,0,0,0,0,0,0,0,0,0,0,0,0,0,0,0,0,0,0,0,0,0,0,0,0,0,0,0,0,0,0,0,0,0,0
1007,Ward Pct 1007,541,381,0,207,167,4,2,1,185,157,32,0,0,0,0,0,0,0,0,0,0,184,186,0,0,0,0,0,0,0,184,166,21,0,0,0,0,0,0,0,0,0,0,0,0,0,0,0,0,0,0,0,214,156,0,271,19,0,0,0,0,0,186,182,0,210,160,0,291,8,287,8,0,0,0,0,0,0,0,0,0,0,0,0,0,0,0,0,0,0,0,0,0,0,0,0,0,0,0,0,0,0,0,0,0,0,0,0,0,0,0,0,0,0,0,0,0,0,0,0,0,0,0
1008,Ward Pct 1008,500,323,0,186,123,4,9,1,168,118,24,0,0,0,0,0,0,0,0,0,0,162,144,1,0,0,0,0,0,0,166,119,19,1,0,0,0,0,0,0,0,0,0,0,0,0,0,0,0,0,0,0,180,124,1,238,10,0,0,0,0,0,154,145,1,185,117,1,239,7,235,7,0,0,0,0,0,0,0,0,0,0,0,0,0,0,0,0,0,0,0,0,0,0,0,0,0,0,0,0,0,0,0,0,0,0,0,0,0,0,0,0,0,0,0,0,0,0,0,0,0,0,0
1009,Ward Pct 1009,376,261,0,131,125,3,1,1,125,110,21,0,0,0,0,0,0,0,0,0,0,112,141,1,0,0,0,0,0,0,116,124,10,0,0,0,0,0,0,0,0,0,0,0,0,0,0,0,0,0,0,0,132,118,0,196,7,0,0,0,0,0,122,132,0,137,111,0,196,5,189,4,0,0,0,0,0,0,0,0,0,0,0,0,0,0,0,0,0,0,0,0,0,0,0,0,0,0,0,0,0,0,0,0,0,0,0,0,0,0,0,0,0,0,0,0,0,0,0,0,0,0,0
1010,Ward Pct 1010,582,433,0,227,194,2,8,1,220,190,11,0,0,0,0,0,0,0,0,0,0,188,233,0,0,0,0,0,0,0,209,192,19,0,0,0,0,0,0,0,0,0,0,0,0,0,0,0,0,0,0,0,230,187,0,308,17,0,0,0,0,0,194,220,0,238,180,0,315,11,314,11,0,0,0,0,0,0,0,0,0,0,0,0,0,0,0,0,0,0,0,0,0,0,0,0,0,0,0,0,0,0,0,0,0,0,0,0,0,0,0,0,0,0,0,0,0,0,0,0,0,0,0
1011,Ward Pct 1011,822,596,0,337,244,3,4,3,312,222,44,0,0,0,0,307,255,0,0,0,0,0,0,0,0,0,0,0,0,0,313,233,27,0,0,0,0,0,0,0,0,0,0,0,0,0,0,0,0,0,0,0,0,0,0,443,19,0,0,0,0,0,297,273,0,339,233,2,450,15,442,15,0,0,0,0,0,0,0,0,0,0,0,0,0,0,0,0,0,0,0,0,0,0,0,0,0,0,0,0,0,0,0,0,0,0,0,0,0,0,0,0,0,0,0,0,0,0,0,0,0,0,0
1013,Ward Pct 1013,67,51,0,18,33,0,0,0,18,32,0,0,0,0,0,17,32,0,0,0,0,0,0,0,0,0,0,0,0,0,16,30,2,0,0,0,0,0,0,0,0,0,0,0,0,0,0,0,0,0,0,0,0,0,0,43,0,0,0,0,0,0,14,35,0,19,29,0,42,0,42,0,0,0,0,0,0,0,0,0,0,0,0,0,0,0,0,0,0,0,0,0,0,0,0,0,0,0,0,0,0,0,0,0,0,0,0,0,0,0,0,0,0,0,0,0,0,0,0,0,0,0,0
1014,Ward Pct 1014,594,442,0,262,165,2,3,7,250,163,21,1,0,0,0,239,181,0,0,0,0,0,0,0,0,0,0,0,0,0,253,160,15,1,0,0,0,0,0,0,0,0,0,0,0,0,0,0,0,0,0,0,0,0,0,301,15,0,0,0,0,0,234,193,0,268,158,0,310,10,309,10,0,0,0,0,0,0,0,0,0,0,0,0,0,0,0,0,0,0,0,0,0,0,0,0,0,0,0,0,0,0,0,0,0,0,0,0,0,0,0,0,0,0,0,0,0,0,0,0,0,0,0
1015,Ward Pct 1015,0,0,0,0,0,0,0,0,0,0,0,0,0,0,0,0,0,0,0,0,0,0,0,0,0,0,0,0,0,0,0,0,0,0,0,0,0,0,0,0,0,0,0,0,0,0,0,0,0,0,0,0,0,0,0,0,0,0,0,0,0,0,0,0,0,0,0,0,0,0,0,0,0,0,0,0,0,0,0,0,0,0,0,0,0,0,0,0,0,0,0,0,0,0,0,0,0,0,0,0,0,0,0,0,0,0,0,0,0,0,0,0,0,0,0,0,0,0,0,0,0,0,0
1101,Ward Pct 1101,401,279,0,146,124,0,2,4,131,119,23,1,0,0,0,0,0,0,0,0,0,125,144,0,0,0,0,0,0,0,130,115,21,1,0,0,0,0,0,0,0,0,0,0,0,0,0,0,0,0,0,0,153,117,0,210,10,0,0,0,0,0,127,140,1,146,120,1,217,6,212,7,0,0,0,0,0,0,0,0,0,0,0,0,0,0,0,0,0,0,0,0,0,0,0,0,0,0,0,0,0,0,0,0,0,0,0,0,0,0,0,0,0,0,0,0,0,0,0,0,0,0,0
1102,Ward Pct 1102,516,360,0,190,153,5,7,3,179,143,34,0,0,0,0,0,0,0,0,0,0,168,183,0,0,0,0,0,0,0,171,142,34,0,0,0,0,0,0,0,0,0,0,0,0,0,0,0,0,0,0,0,200,144,1,258,14,0,0,0,0,0,170,174,0,202,144,0,256,10,250,8,0,0,0,0,0,0,0,0,0,0,0,0,0,0,0,0,0,0,0,0,0,0,0,0,0,0,0,0,0,0,0,0,0,0,0,0,0,0,0,0,0,0,0,0,0,0,0,0,0,0,0
1103,Ward Pct 1103,448,288,0,157,116,3,5,2,156,102,20,0,0,0,0,0,0,0,0,0,0,140,134,1,0,0,0,0,0,0,137,114,21,1,0,0,0,0,0,0,0,0,0,0,0,0,0,0,0,0,0,0,164,110,0,211,6,0,0,0,0,0,143,128,0,160,113,0,209,5,201,5,0,0,0,0,0,0,0,0,0,0,0,0,0,0,0,0,0,0,0,0,0,0,0,0,0,0,0,0,0,0,0,0,0,0,0,0,0,0,0,0,0,0,0,0,0,0,0,0,0,0,0
1104,Ward Pct 1104,646,458,0,249,200,4,3,2,231,186,27,1,0,0,0,0,0,0,0,0,0,212,228,2,0,0,0,0,0,0,215,188,35,0,0,0,0,0,0,0,0,0,0,0,0,0,0,0,0,0,0,0,254,184,0,343,18,0,0,0,0,0,209,228,0,253,186,0,344,13,338,14,0,0,0,0,0,0,0,0,0,0,0,0,0,0,0,0,0,0,0,0,0,0,0,0,0,0,0,0,0,0,0,0,0,0,0,0,0,0,0,0,0,0,0,0,0,0,0,0,0,0,0
1105,Ward Pct 1105,542,384,0,204,169,2,5,3,196,157,25,0,0,0,0,0,0,0,0,0,0,168,202,0,0,0,0,0,0,0,184,160,22,1,0,0,0,0,0,0,0,0,0,0,0,0,0,0,0,0,0,0,205,160,0,293,15,0,0,0,0,0,167,198,1,207,161,0,291,11,286,12,0,0,0,0,0,0,0,0,0,0,0,0,0,0,0,0,0,0,0,0,0,0,0,0,0,0,0,0,0,0,0,0,0,0,0,0,0,0,0,0,0,0,0,0,0,0,0,0,0,0,0
1106,Ward Pct 1106,547,377,0,226,138,3,7,2,201,136,34,0,0,0,0,0,0,0,0,0,0,190,173,0,0,0,0,0,0,0,213,133,16,1,0,0,0,0,0,0,0,0,0,0,0,0,0,0,0,0,0,0,235,131,0,277,8,0,0,0,0,0,201,161,0,231,128,1,287,6,281,9,0,0,0,0,0,0,0,0,0,0,0,0,0,0,0,0,0,0,0,0,0,0,0,0,0,0,0,0,0,0,0,0,0,0,0,0,0,0,0,0,0,0,0,0,0,0,0,0,0,0,0
1107,Ward Pct 1107,574,352,0,183,157,3,7,2,165,135,40,1,0,0,0,0,0,0,0,0,0,170,171,1,0,0,0,0,0,0,165,150,24,2,0,0,0,0,0,0,0,0,0,0,0,0,0,0,0,0,0,0,177,157,2,253,18,0,0,0,0,0,172,166,2,188,148,2,263,13,253,16,0,0,0,0,0,0,0,0,0,0,0,0,0,0,0,0,0,0,0,0,0,0,0,0,0,0,0,0,0,0,0,0,0,0,0,0,0,0,0,0,0,0,0,0,0,0,0,0,0,0,0
1108,Ward Pct 1108,543,391,1,210,165,4,6,3,202,156,23,0,0,0,0,0,0,0,0,0,0,176,202,0,0,0,0,0,0,0,191,160,25,0,0,0,0,0,0,0,0,0,0,0,0,0,0,0,0,0,0,0,214,158,0,297,14,0,0,0,0,0,180,195,0,226,152,0,299,12,289,13,0,0,0,0,0,0,0,0,0,0,0,0,0,0,0,0,0,0,0,0,0,0,0,0,0,0,0,0,0,0,0,0,0,0,0,0,0,0,0,0,0,0,0,0,0,0,0,0,0,0,0
1109,Ward Pct 1109,586,407,0,215,179,6,4,0,210,159,30,0,0,0,0,0,0,0,0,0,0,194,200,3,0,0,0,0,0,0,207,172,16,0,0,0,0,0,0,0,0,0,0,0,0,0,0,0,0,0,0,0,222,173,0,294,18,0,0,0,0,0,194,197,1,224,165,0,301,14,300,16,0,0,0,0,0,0,0,0,0,0,0,0,0,0,0,0,0,0,0,0,0,0,0,0,0,0,0,0,0,0,0,0,0,0,0,0,0,0,0,0,0,0,0,0,0,0,0,0,0,0,0
1110,Ward Pct 1110,381,266,0,169,94,0,1,1,154,89,17,0,0,0,0,0,0,0,0,0,0,145,109,0,0,0,0,0,0,0,151,90,13,0,0,0,0,0,0,0,0,0,0,0,0,0,0,0,0,0,0,0,164,87,1,167,13,0,0,0,159,10,149,102,0,168,80,1,166,8,153,8,0,0,0,0,0,0,0,0,0,0,0,0,0,0,0,0,0,0,0,0,0,0,0,0,0,0,0,0,0,0,0,0,0,0,0,0,0,0,0,0,0,0,0,0,0,0,0,0,0,0,0
1111,Ward Pct 1111,0,0,0,0,0,0,0,0,0,0,0,0,0,0,0,0,0,0,0,0,0,0,0,0,0,0,0,0,0,0,0,0,0,0,0,0,0,0,0,0,0,0,0,0,0,0,0,0,0,0,0,0,0,0,0,0,0,0,0,0,0,0,0,0,0,0,0,0,0,0,0,0,0,0,0,0,0,0,0,0,0,0,0,0,0,0,0,0,0,0,0,0,0,0,0,0,0,0,0,0,0,0,0,0,0,0,0,0,0,0,0,0,0,0,0,0,0,0,0,0,0,0,0
1201,Ward Pct 1201,614,375,0,235,128,2,9,0,223,121,21,0,0,0,0,0,0,0,0,0,0,200,154,1,0,0,0,0,0,0,211,126,22,0,0,0,0,0,0,0,0,0,0,0,0,0,0,0,0,0,0,0,221,135,1,258,18,0,0,0,0,0,208,149,1,234,122,1,264,14,256,16,0,0,0,0,0,0,0,0,0,0,0,0,0,0,0,0,0,0,0,0,0,0,0,0,0,0,0,0,0,0,0,0,0,0,0,0,0,0,0,0,0,0,0,0,0,0,0,0,0,0,0
1202,Ward Pct 1202,568,315,0,196,112,1,4,1,176,103,26,0,0,0,0,0,0,0,0,0,0,179,121,1,0,0,0,0,0,0,175,107,20,1,0,0,0,0,0,0,0,0,0,0,0,0,0,0,0,0,0,0,194,107,1,227,7,0,0,0,218,8,181,117,3,199,100,2,222,6,210,8,0,0,0,0,0,0,0,0,0,0,0,0,0,0,0,0,0,0,0,0,0,0,0,0,0,0,0,0,0,0,0,0,0,0,0,0,0,0,0,0,0,0,0,0,0,0,0,0,0,0,0
1203,Ward Pct 1203,538,389,0,223,159,0,5,2,206,163,16,0,0,0,0,0,0,0,0,0,0,177,200,3,0,0,0,0,0,0,203,162,11,0,0,0,0,0,0,0,0,0,0,0,0,0,0,0,0,0,0,0,221,147,2,279,13,0,0,0,266,9,179,188,1,222,149,1,268,10,240,11,0,0,0,0,0,0,0,0,0,0,0,0,0,0,0,0,0,0,0,0,0,0,0,0,0,0,0,0,0,0,0,0,0,0,0,0,0,0,0,0,0,0,0,0,0,0,0,0,0,0,0
1204,Ward Pct 1204,615,494,0,259,225,0,6,0,251,215,20,0,0,0,0,0,0,0,0,0,0,222,263,1,0,0,0,0,0,0,250,216,18,1,0,0,0,0,0,0,0,0,0,0,0,0,0,0,0,0,0,0,262,220,0,377,15,0,0,0,368,10,220,256,0,288,191,0,373,13,330,11,0,0,0,0,0,0,0,0,0,0,0,0,0,0,0,0,0,0,0,0,0,0,0,0,0,0,0,0,0,0,0,0,0,0,0,0,0,0,0,0,0,0,0,0,0,0,0,0,0,0,0
1205,Ward Pct 1205,513,410,0,225,175,0,3,2,210,179,15,0,0,0,0,0,0,0,0,0,0,163,239,1,0,0,0,192,203,0,0,0,0,0,0,0,0,0,0,0,0,0,0,0,0,0,0,0,0,0,0,0,206,189,0,314,11,0,0,0,310,8,167,226,0,223,175,0,316,6,320,6,0,0,0,0,0,0,0,0,0,0,0,0,0,0,0,0,0,0,0,0,0,0,0,0,0,0,0,0,0,0,0,0,0,0,0,0,0,0,0,0,0,0,0,0,0,0,0,0,0,0,0
1206,Ward Pct 1206,710,531,1,301,219,2,6,0,290,202,28,0,0,0,0,0,0,0,0,0,0,254,260,0,0,0,0,275,233,0,0,0,0,0,0,0,0,0,0,0,0,0,0,0,0,0,0,0,0,0,0,0,299,210,1,375,18,0,0,0,358,20,260,244,1,296,204,1,379,12,376,15,0,0,0,0,0,0,0,0,0,0,0,0,0,0,0,0,0,0,0,0,0,0,0,0,0,0,0,0,0,0,0,0,0,0,0,0,0,0,0,0,0,0,0,0,0,0,0,0,0,0,0
1207,Ward Pct 1207,774,560,0,322,223,4,9,1,298,200,51,0,0,0,0,0,0,0,0,0,0,288,251,3,0,0,0,311,232,0,0,0,0,0,0,0,0,0,0,0,0,0,0,0,0,0,0,0,0,0,0,0,330,217,0,411,21,0,0,0,408,15,292,250,0,334,205,0,414,12,404,17,0,0,0,0,0,0,0,0,0,0,0,0,0,0,0,0,0,0,0,0,0,0,0,0,0,0,0,0,0,0,0,0,0,0,0,0,0,0,0,0,0,0,0,0,0,0,0,0,0,0,0
1208,Ward Pct 1208,605,445,0,249,182,3,5,5,232,175,25,0,0,0,0,0,0,0,0,0,0,207,223,0,0,0,0,230,193,0,0,0,0,0,0,0,0,0,0,0,0,0,0,0,0,0,0,0,0,0,0,0,246,176,1,316,22,0,0,0,315,20,204,215,0,254,167,0,314,18,306,24,0,0,0,0,0,0,0,0,0,0,0,0,0,0,0,0,0,0,0,0,0,0,0,0,0,0,0,0,0,0,0,0,0,0,0,0,0,0,0,0,0,0,0,0,0,0,0,0,0,0,0
1209,Ward Pct 1209,1001,743,0,386,331,6,7,7,363,326,37,1,0,0,0,0,0,0,0,0,0,324,399,2,0,0,0,0,0,0,0,0,0,0,0,0,0,0,0,0,385,331,1,0,0,0,0,0,0,0,0,0,381,336,1,546,20,0,0,0,531,18,324,388,1,388,318,1,540,16,538,18,0,0,0,0,0,0,0,0,0,0,0,0,0,0,0,0,0,0,0,0,0,0,0,0,0,0,0,0,0,0,0,0,0,0,0,0,0,0,0,0,0,0,0,0,0,0,0,0,0,0,0
1211,Ward Pct 1211,870,729,0,388,322,7,1,7,353,322,42,0,0,0,0,0,0,0,0,0,0,293,425,0,0,0,0,359,360,0,0,0,0,0,0,0,0,0,0,0,0,0,0,0,0,0,0,0,0,0,0,0,383,323,0,567,19,0,0,0,539,20,309,396,1,383,322,0,550,12,544,18,0,0,0,0,0,0,0,0,0,0,0,0,0,0,0,0,0,0,0,0,0,0,0,0,0,0,0,0,0,0,0,0,0,0,0,0,0,0,0,0,0,0,0,0,0,0,0,0,0,0,0
1212,Ward Pct 1212,0,0,0,0,0,0,0,0,0,0,0,0,0,0,0,0,0,0,0,0,0,0,0,0,0,0,0,0,0,0,0,0,0,0,0,0,0,0,0,0,0,0,0,0,0,0,0,0,0,0,0,0,0,0,0,0,0,0,0,0,0,0,0,0,0,0,0,0,0,0,0,0,0,0,0,0,0,0,0,0,0,0,0,0,0,0,0,0,0,0,0,0,0,0,0,0,0,0,0,0,0,0,0,0,0,0,0,0,0,0,0,0,0,0,0,0,0,0,0,0,0,0,0
1213,Ward Pct 1213,602,502,0,213,267,2,11,5,227,260,12,0,0,0,0,0,0,0,0,0,0,175,317,3,0,0,0,0,0,0,199,273,19,0,0,0,0,0,0,0,0,0,0,0,0,0,0,0,0,0,0,0,214,273,0,402,12,0,0,0,394,8,172,321,0,225,262,0,405,3,359,4,0,0,0,0,0,0,0,0,0,0,0,0,0,0,0,0,0,0,0,0,0,0,0,0,0,0,0,0,0,0,0,0,0,0,0,0,0,0,0,0,0,0,0,0,0,0,0,0,0,0,0
1214,Ward Pct 1214,546,428,1,209,200,4,3,8,194,195,30,1,0,0,0,0,0,0,0,0,0,179,237,1,0,0,0,203,212,0,0,0,0,0,0,0,0,0,0,0,0,0,0,0,0,0,0,0,0,0,0,0,211,201,0,327,13,0,0,0,311,13,186,223,0,229,180,0,317,10,313,12,0,0,0,0,0,0,0,0,0,0,0,0,0,0,0,0,0,0,0,0,0,0,0,0,0,0,0,0,0,0,0,0,0,0,0,0,0,0,0,0,0,0,0,0,0,0,0,0,0,0,0
1215,Ward Pct 1215,932,681,0,357,305,3,8,2,350,300,23,2,0,0,0,0,0,0,0,0,0,254,411,3,0,0,0,342,325,0,0,0,0,0,0,0,0,0,0,0,0,0,0,0,0,0,0,0,0,0,0,0,365,294,0,507,28,0,0,0,493,29,293,358,0,367,283,2,503,24,507,23,0,0,0,0,0,0,0,0,0,0,0,0,0,0,0,0,0,0,0,0,0,0,0,0,0,0,0,0,0,0,0,0,0,0,0,0,0,0,0,0,0,0,0,0,0,0,0,0,0,0,0
1216,Ward Pct 1216,1097,789,0,429,344,3,4,5,404,334,40,0,0,0,0,0,0,0,0,0,0,335,435,0,0,0,0,392,378,1,0,0,0,0,0,0,0,0,0,0,0,0,0,0,0,0,0,0,0,0,0,0,425,331,0,583,26,0,0,0,570,21,357,393,0,430,327,0,579,15,575,18,0,0,0,0,0,0,0,0,0,0,0,0,0,0,0,0,0,0,0,0,0,0,0,0,0,0,0,0,0,0,0,0,0,0,0,0,0,0,0,0,0,0,0,0,0,0,0,0,0,0,0
1217,Ward Pct 1217,8,,redacted per KSA 25-2701(a)(2),redacted per KSA 25-2701(a)(2),redacted per KSA 25-2701(a)(2),redacted per KSA 25-2701(a)(2),redacted per KSA 25-2701(a)(2),redacted per KSA 25-2701(a)(2),redacted per KSA 25-2701(a)(2),redacted per KSA 25-2701(a)(2),redacted per KSA 25-2701(a)(2),redacted per KSA 25-2701(a)(2),redacted per KSA 25-2701(a)(2),redacted per KSA 25-2701(a)(2),redacted per KSA 25-2701(a)(2),redacted per KSA 25-2701(a)(2),redacted per KSA 25-2701(a)(2),redacted per KSA 25-2701(a)(2),redacted per KSA 25-2701(a)(2),redacted per KSA 25-2701(a)(2),redacted per KSA 25-2701(a)(2),redacted per KSA 25-2701(a)(2),redacted per KSA 25-2701(a)(2),redacted per KSA 25-2701(a)(2),redacted per KSA 25-2701(a)(2),redacted per KSA 25-2701(a)(2),redacted per KSA 25-2701(a)(2),redacted per KSA 25-2701(a)(2),redacted per KSA 25-2701(a)(2),redacted per KSA 25-2701(a)(2),redacted per KSA 25-2701(a)(2),redacted per KSA 25-2701(a)(2),redacted per KSA 25-2701(a)(2),redacted per KSA 25-2701(a)(2),redacted per KSA 25-2701(a)(2),redacted per KSA 25-2701(a)(2),redacted per KSA 25-2701(a)(2),redacted per KSA 25-2701(a)(2),redacted per KSA 25-2701(a)(2),redacted per KSA 25-2701(a)(2),redacted per KSA 25-2701(a)(2),redacted per KSA 25-2701(a)(2),redacted per KSA 25-2701(a)(2),redacted per KSA 25-2701(a)(2),redacted per KSA 25-2701(a)(2),redacted per KSA 25-2701(a)(2),redacted per KSA 25-2701(a)(2),redacted per KSA 25-2701(a)(2),redacted per KSA 25-2701(a)(2),redacted per KSA 25-2701(a)(2),redacted per KSA 25-2701(a)(2),redacted per KSA 25-2701(a)(2),redacted per KSA 25-2701(a)(2),redacted per KSA 25-2701(a)(2),redacted per KSA 25-2701(a)(2),redacted per KSA 25-2701(a)(2),redacted per KSA 25-2701(a)(2),redacted per KSA 25-2701(a)(2),redacted per KSA 25-2701(a)(2),redacted per KSA 25-2701(a)(2),redacted per KSA 25-2701(a)(2),redacted per KSA 25-2701(a)(2),redacted per KSA 25-2701(a)(2),redacted per KSA 25-2701(a)(2),redacted per KSA 25-2701(a)(2),redacted per KSA 25-2701(a)(2),redacted per KSA 25-2701(a)(2),redacted per KSA 25-2701(a)(2),redacted per KSA 25-2701(a)(2),redacted per KSA 25-2701(a)(2),redacted per KSA 25-2701(a)(2),redacted per KSA 25-2701(a)(2),redacted per KSA 25-2701(a)(2),redacted per KSA 25-2701(a)(2),redacted per KSA 25-2701(a)(2),redacted per KSA 25-2701(a)(2),redacted per KSA 25-2701(a)(2),redacted per KSA 25-2701(a)(2),redacted per KSA 25-2701(a)(2),redacted per KSA 25-2701(a)(2),redacted per KSA 25-2701(a)(2),redacted per KSA 25-2701(a)(2),redacted per KSA 25-2701(a)(2),redacted per KSA 25-2701(a)(2),redacted per KSA 25-2701(a)(2),redacted per KSA 25-2701(a)(2),redacted per KSA 25-2701(a)(2),redacted per KSA 25-2701(a)(2),redacted per KSA 25-2701(a)(2),redacted per KSA 25-2701(a)(2),redacted per KSA 25-2701(a)(2),redacted per KSA 25-2701(a)(2),redacted per KSA 25-2701(a)(2),redacted per KSA 25-2701(a)(2),redacted per KSA 25-2701(a)(2),redacted per KSA 25-2701(a)(2),redacted per KSA 25-2701(a)(2),redacted per KSA 25-2701(a)(2),redacted per KSA 25-2701(a)(2),redacted per KSA 25-2701(a)(2),redacted per KSA 25-2701(a)(2),redacted per KSA 25-2701(a)(2),redacted per KSA 25-2701(a)(2),redacted per KSA 25-2701(a)(2),redacted per KSA 25-2701(a)(2),redacted per KSA 25-2701(a)(2),redacted per KSA 25-2701(a)(2),redacted per KSA 25-2701(a)(2),redacted per KSA 25-2701(a)(2),redacted per KSA 25-2701(a)(2),redacted per KSA 25-2701(a)(2),redacted per KSA 25-2701(a)(2),redacted per KSA 25-2701(a)(2),redacted per KSA 25-2701(a)(2),redacted per KSA 25-2701(a)(2),redacted per KSA 25-2701(a)(2),redacted per KSA 25-2701(a)(2),redacted per KSA 25-2701(a)(2),redacted per KSA 25-2701(a)(2),redacted per KSA 25-2701(a)(2),redacted per KSA 25-2701(a)(2),redacted per KSA 25-2701(a)(2),redacted per KSA 25-2701(a)(2)
1219,Ward Pct 1219,121,95,0,33,56,0,0,5,36,55,3,0,0,0,0,0,0,0,0,0,0,29,64,0,0,0,0,0,0,0,31,61,2,0,0,0,0,0,0,0,0,0,0,0,0,0,0,0,0,0,0,0,33,60,0,75,0,0,0,0,0,0,28,66,0,35,57,0,78,0,72,0,0,0,0,0,0,0,0,0,0,0,0,0,0,0,0,0,0,0,0,0,0,0,0,0,0,0,0,0,0,0,0,0,0,0,0,0,0,0,0,0,0,0,0,0,0,0,0,0,0,0,0
1220,Ward Pct 1220,738,507,0,267,228,3,7,0,242,226,29,0,0,0,0,0,0,0,0,0,0,192,302,1,0,0,0,237,256,0,0,0,0,0,0,0,0,0,0,0,0,0,0,0,0,0,0,0,0,0,0,0,259,228,0,385,16,0,0,0,386,13,218,271,0,264,225,1,390,9,373,9,0,0,0,0,0,0,0,0,0,0,0,0,0,0,0,0,0,0,0,0,0,0,0,0,0,0,0,0,0,0,0,0,0,0,0,0,0,0,0,0,0,0,0,0,0,0,0,0,0,0,0
1231,Ward Pct 1231,426,329,0,138,177,3,8,2,138,174,15,0,0,0,0,0,0,0,0,0,0,129,192,1,0,0,0,0,0,0,134,172,18,0,0,0,0,0,0,0,0,0,0,0,0,0,0,0,0,0,0,0,148,176,0,254,20,0,0,0,248,18,123,197,0,148,169,3,248,16,229,11,0,0,0,0,0,0,0,0,0,0,0,0,0,0,0,0,0,0,0,0,0,0,0,0,0,0,0,0,0,0,0,0,0,0,0,0,0,0,0,0,0,0,0,0,0,0,0,0,0,0,0
1281,Ward Pct 1281,0,0,0,0,0,0,0,0,0,0,0,0,0,0,0,0,0,0,0,0,0,0,0,0,0,0,0,0,0,0,0,0,0,0,0,0,0,0,0,0,0,0,0,0,0,0,0,0,0,0,0,0,0,0,0,0,0,0,0,0,0,0,0,0,0,0,0,0,0,0,0,0,0,0,0,0,0,0,0,0,0,0,0,0,0,0,0,0,0,0,0,0,0,0,0,0,0,0,0,0,0,0,0,0,0,0,0,0,0,0,0,0,0,0,0,0,0,0,0,0,0,0,0
1292,Ward Pct 1292,0,0,0,0,0,0,0,0,0,0,0,0,0,0,0,0,0,0,0,0,0,0,0,0,0,0,0,0,0,0,0,0,0,0,0,0,0,0,0,0,0,0,0,0,0,0,0,0,0,0,0,0,0,0,0,0,0,0,0,0,0,0,0,0,0,0,0,0,0,0,0,0,0,0,0,0,0,0,0,0,0,0,0,0,0,0,0,0,0,0,0,0,0,0,0,0,0,0,0,0,0,0,0,0,0,0,0,0,0,0,0,0,0,0,0,0,0,0,0,0,0,0,0
1293,Ward Pct 1293,0,0,0,0,0,0,0,0,0,0,0,0,0,0,0,0,0,0,0,0,0,0,0,0,0,0,0,0,0,0,0,0,0,0,0,0,0,0,0,0,0,0,0,0,0,0,0,0,0,0,0,0,0,0,0,0,0,0,0,0,0,0,0,0,0,0,0,0,0,0,0,0,0,0,0,0,0,0,0,0,0,0,0,0,0,0,0,0,0,0,0,0,0,0,0,0,0,0,0,0,0,0,0,0,0,0,0,0,0,0,0,0,0,0,0,0,0,0,0,0,0,0,0
1301,Ward Pct 1301,1,,redacted per KSA 25-2701(a)(2),redacted per KSA 25-2701(a)(2),redacted per KSA 25-2701(a)(2),redacted per KSA 25-2701(a)(2),redacted per KSA 25-2701(a)(2),redacted per KSA 25-2701(a)(2),redacted per KSA 25-2701(a)(2),redacted per KSA 25-2701(a)(2),redacted per KSA 25-2701(a)(2),redacted per KSA 25-2701(a)(2),redacted per KSA 25-2701(a)(2),redacted per KSA 25-2701(a)(2),redacted per KSA 25-2701(a)(2),redacted per KSA 25-2701(a)(2),redacted per KSA 25-2701(a)(2),redacted per KSA 25-2701(a)(2),redacted per KSA 25-2701(a)(2),redacted per KSA 25-2701(a)(2),redacted per KSA 25-2701(a)(2),redacted per KSA 25-2701(a)(2),redacted per KSA 25-2701(a)(2),redacted per KSA 25-2701(a)(2),redacted per KSA 25-2701(a)(2),redacted per KSA 25-2701(a)(2),redacted per KSA 25-2701(a)(2),redacted per KSA 25-2701(a)(2),redacted per KSA 25-2701(a)(2),redacted per KSA 25-2701(a)(2),redacted per KSA 25-2701(a)(2),redacted per KSA 25-2701(a)(2),redacted per KSA 25-2701(a)(2),redacted per KSA 25-2701(a)(2),redacted per KSA 25-2701(a)(2),redacted per KSA 25-2701(a)(2),redacted per KSA 25-2701(a)(2),redacted per KSA 25-2701(a)(2),redacted per KSA 25-2701(a)(2),redacted per KSA 25-2701(a)(2),redacted per KSA 25-2701(a)(2),redacted per KSA 25-2701(a)(2),redacted per KSA 25-2701(a)(2),redacted per KSA 25-2701(a)(2),redacted per KSA 25-2701(a)(2),redacted per KSA 25-2701(a)(2),redacted per KSA 25-2701(a)(2),redacted per KSA 25-2701(a)(2),redacted per KSA 25-2701(a)(2),redacted per KSA 25-2701(a)(2),redacted per KSA 25-2701(a)(2),redacted per KSA 25-2701(a)(2),redacted per KSA 25-2701(a)(2),redacted per KSA 25-2701(a)(2),redacted per KSA 25-2701(a)(2),redacted per KSA 25-2701(a)(2),redacted per KSA 25-2701(a)(2),redacted per KSA 25-2701(a)(2),redacted per KSA 25-2701(a)(2),redacted per KSA 25-2701(a)(2),redacted per KSA 25-2701(a)(2),redacted per KSA 25-2701(a)(2),redacted per KSA 25-2701(a)(2),redacted per KSA 25-2701(a)(2),redacted per KSA 25-2701(a)(2),redacted per KSA 25-2701(a)(2),redacted per KSA 25-2701(a)(2),redacted per KSA 25-2701(a)(2),redacted per KSA 25-2701(a)(2),redacted per KSA 25-2701(a)(2),redacted per KSA 25-2701(a)(2),redacted per KSA 25-2701(a)(2),redacted per KSA 25-2701(a)(2),redacted per KSA 25-2701(a)(2),redacted per KSA 25-2701(a)(2),redacted per KSA 25-2701(a)(2),redacted per KSA 25-2701(a)(2),redacted per KSA 25-2701(a)(2),redacted per KSA 25-2701(a)(2),redacted per KSA 25-2701(a)(2),redacted per KSA 25-2701(a)(2),redacted per KSA 25-2701(a)(2),redacted per KSA 25-2701(a)(2),redacted per KSA 25-2701(a)(2),redacted per KSA 25-2701(a)(2),redacted per KSA 25-2701(a)(2),redacted per KSA 25-2701(a)(2),redacted per KSA 25-2701(a)(2),redacted per KSA 25-2701(a)(2),redacted per KSA 25-2701(a)(2),redacted per KSA 25-2701(a)(2),redacted per KSA 25-2701(a)(2),redacted per KSA 25-2701(a)(2),redacted per KSA 25-2701(a)(2),redacted per KSA 25-2701(a)(2),redacted per KSA 25-2701(a)(2),redacted per KSA 25-2701(a)(2),redacted per KSA 25-2701(a)(2),redacted per KSA 25-2701(a)(2),redacted per KSA 25-2701(a)(2),redacted per KSA 25-2701(a)(2),redacted per KSA 25-2701(a)(2),redacted per KSA 25-2701(a)(2),redacted per KSA 25-2701(a)(2),redacted per KSA 25-2701(a)(2),redacted per KSA 25-2701(a)(2),redacted per KSA 25-2701(a)(2),redacted per KSA 25-2701(a)(2),redacted per KSA 25-2701(a)(2),redacted per KSA 25-2701(a)(2),redacted per KSA 25-2701(a)(2),redacted per KSA 25-2701(a)(2),redacted per KSA 25-2701(a)(2),redacted per KSA 25-2701(a)(2),redacted per KSA 25-2701(a)(2),redacted per KSA 25-2701(a)(2),redacted per KSA 25-2701(a)(2),redacted per KSA 25-2701(a)(2),redacted per KSA 25-2701(a)(2),redacted per KSA 25-2701(a)(2),redacted per KSA 25-2701(a)(2),redacted per KSA 25-2701(a)(2),redacted per KSA 25-2701(a)(2)
1302,Ward Pct 1302,278,189,0,126,61,0,1,1,120,54,12,0,0,0,0,0,0,0,0,0,0,113,72,0,0,0,0,123,62,0,0,0,0,0,0,0,0,0,0,0,0,0,0,0,0,0,0,0,0,0,0,0,124,61,0,129,10,0,0,0,126,8,110,73,0,123,59,0,130,6,131,6,0,0,0,0,0,0,0,0,0,0,0,0,0,0,0,0,0,0,0,0,0,0,0,0,0,0,0,0,0,0,0,0,0,0,0,0,0,0,0,0,0,0,0,0,0,0,0,0,0,0,0
1304,Ward Pct 1304,0,0,0,0,0,0,0,0,0,0,0,0,0,0,0,0,0,0,0,0,0,0,0,0,0,0,0,0,0,0,0,0,0,0,0,0,0,0,0,0,0,0,0,0,0,0,0,0,0,0,0,0,0,0,0,0,0,0,0,0,0,0,0,0,0,0,0,0,0,0,0,0,0,0,0,0,0,0,0,0,0,0,0,0,0,0,0,0,0,0,0,0,0,0,0,0,0,0,0,0,0,0,0,0,0,0,0,0,0,0,0,0,0,0,0,0,0,0,0,0,0,0,0
1305,Ward Pct 1305,46,25,0,13,12,0,0,0,11,12,0,0,0,0,0,0,0,0,0,0,0,6,16,0,0,0,0,0,0,0,10,13,0,0,0,0,0,0,0,0,0,0,0,0,0,0,0,0,0,0,0,0,9,13,0,17,0,0,0,0,0,0,7,14,0,11,11,0,18,0,19,0,0,0,0,0,0,0,0,0,0,0,0,0,0,0,0,0,0,0,0,0,0,0,0,0,0,0,0,0,0,0,0,0,0,0,0,0,0,0,0,0,0,0,0,0,0,0,0,0,0,0,0
1306,Ward Pct 1306,204,168,0,60,106,0,0,0,52,111,3,0,0,0,0,0,0,0,0,0,0,30,134,1,0,0,0,50,116,0,0,0,0,0,0,0,0,0,0,0,0,0,0,0,0,0,0,0,0,0,0,0,58,103,1,141,4,0,0,0,136,5,41,119,0,53,106,0,141,5,139,4,0,0,0,0,0,0,0,0,0,0,0,0,0,0,0,0,0,0,0,0,0,0,0,0,0,0,0,0,0,0,0,0,0,0,0,0,0,0,0,0,0,0,0,0,0,0,0,0,0,0,0
1307,Ward Pct 1307,0,0,0,0,0,0,0,0,0,0,0,0,0,0,0,0,0,0,0,0,0,0,0,0,0,0,0,0,0,0,0,0,0,0,0,0,0,0,0,0,0,0,0,0,0,0,0,0,0,0,0,0,0,0,0,0,0,0,0,0,0,0,0,0,0,0,0,0,0,0,0,0,0,0,0,0,0,0,0,0,0,0,0,0,0,0,0,0,0,0,0,0,0,0,0,0,0,0,0,0,0,0,0,0,0,0,0,0,0,0,0,0,0,0,0,0,0,0,0,0,0,0,0
1308,Ward Pct 1308,9,,redacted per KSA 25-2701(a)(2),redacted per KSA 25-2701(a)(2),redacted per KSA 25-2701(a)(2),redacted per KSA 25-2701(a)(2),redacted per KSA 25-2701(a)(2),redacted per KSA 25-2701(a)(2),redacted per KSA 25-2701(a)(2),redacted per KSA 25-2701(a)(2),redacted per KSA 25-2701(a)(2),redacted per KSA 25-2701(a)(2),redacted per KSA 25-2701(a)(2),redacted per KSA 25-2701(a)(2),redacted per KSA 25-2701(a)(2),redacted per KSA 25-2701(a)(2),redacted per KSA 25-2701(a)(2),redacted per KSA 25-2701(a)(2),redacted per KSA 25-2701(a)(2),redacted per KSA 25-2701(a)(2),redacted per KSA 25-2701(a)(2),redacted per KSA 25-2701(a)(2),redacted per KSA 25-2701(a)(2),redacted per KSA 25-2701(a)(2),redacted per KSA 25-2701(a)(2),redacted per KSA 25-2701(a)(2),redacted per KSA 25-2701(a)(2),redacted per KSA 25-2701(a)(2),redacted per KSA 25-2701(a)(2),redacted per KSA 25-2701(a)(2),redacted per KSA 25-2701(a)(2),redacted per KSA 25-2701(a)(2),redacted per KSA 25-2701(a)(2),redacted per KSA 25-2701(a)(2),redacted per KSA 25-2701(a)(2),redacted per KSA 25-2701(a)(2),redacted per KSA 25-2701(a)(2),redacted per KSA 25-2701(a)(2),redacted per KSA 25-2701(a)(2),redacted per KSA 25-2701(a)(2),redacted per KSA 25-2701(a)(2),redacted per KSA 25-2701(a)(2),redacted per KSA 25-2701(a)(2),redacted per KSA 25-2701(a)(2),redacted per KSA 25-2701(a)(2),redacted per KSA 25-2701(a)(2),redacted per KSA 25-2701(a)(2),redacted per KSA 25-2701(a)(2),redacted per KSA 25-2701(a)(2),redacted per KSA 25-2701(a)(2),redacted per KSA 25-2701(a)(2),redacted per KSA 25-2701(a)(2),redacted per KSA 25-2701(a)(2),redacted per KSA 25-2701(a)(2),redacted per KSA 25-2701(a)(2),redacted per KSA 25-2701(a)(2),redacted per KSA 25-2701(a)(2),redacted per KSA 25-2701(a)(2),redacted per KSA 25-2701(a)(2),redacted per KSA 25-2701(a)(2),redacted per KSA 25-2701(a)(2),redacted per KSA 25-2701(a)(2),redacted per KSA 25-2701(a)(2),redacted per KSA 25-2701(a)(2),redacted per KSA 25-2701(a)(2),redacted per KSA 25-2701(a)(2),redacted per KSA 25-2701(a)(2),redacted per KSA 25-2701(a)(2),redacted per KSA 25-2701(a)(2),redacted per KSA 25-2701(a)(2),redacted per KSA 25-2701(a)(2),redacted per KSA 25-2701(a)(2),redacted per KSA 25-2701(a)(2),redacted per KSA 25-2701(a)(2),redacted per KSA 25-2701(a)(2),redacted per KSA 25-2701(a)(2),redacted per KSA 25-2701(a)(2),redacted per KSA 25-2701(a)(2),redacted per KSA 25-2701(a)(2),redacted per KSA 25-2701(a)(2),redacted per KSA 25-2701(a)(2),redacted per KSA 25-2701(a)(2),redacted per KSA 25-2701(a)(2),redacted per KSA 25-2701(a)(2),redacted per KSA 25-2701(a)(2),redacted per KSA 25-2701(a)(2),redacted per KSA 25-2701(a)(2),redacted per KSA 25-2701(a)(2),redacted per KSA 25-2701(a)(2),redacted per KSA 25-2701(a)(2),redacted per KSA 25-2701(a)(2),redacted per KSA 25-2701(a)(2),redacted per KSA 25-2701(a)(2),redacted per KSA 25-2701(a)(2),redacted per KSA 25-2701(a)(2),redacted per KSA 25-2701(a)(2),redacted per KSA 25-2701(a)(2),redacted per KSA 25-2701(a)(2),redacted per KSA 25-2701(a)(2),redacted per KSA 25-2701(a)(2),redacted per KSA 25-2701(a)(2),redacted per KSA 25-2701(a)(2),redacted per KSA 25-2701(a)(2),redacted per KSA 25-2701(a)(2),redacted per KSA 25-2701(a)(2),redacted per KSA 25-2701(a)(2),redacted per KSA 25-2701(a)(2),redacted per KSA 25-2701(a)(2),redacted per KSA 25-2701(a)(2),redacted per KSA 25-2701(a)(2),redacted per KSA 25-2701(a)(2),redacted per KSA 25-2701(a)(2),redacted per KSA 25-2701(a)(2),redacted per KSA 25-2701(a)(2),redacted per KSA 25-2701(a)(2),redacted per KSA 25-2701(a)(2),redacted per KSA 25-2701(a)(2),redacted per KSA 25-2701(a)(2),redacted per KSA 25-2701(a)(2),redacted per KSA 25-2701(a)(2),redacted per KSA 25-2701(a)(2),redacted per KSA 25-2701(a)(2),redacted per KSA 25-2701(a)(2)
1309,Ward Pct 1309,171,160,0,77,79,1,2,0,72,81,4,0,0,0,0,0,0,0,0,0,0,48,107,2,0,0,0,69,86,0,0,0,0,0,0,0,0,0,0,0,0,0,0,0,0,0,0,0,0,0,0,0,71,82,0,126,4,0,0,0,118,7,55,101,0,72,83,0,122,4,123,4,0,0,0,0,0,0,0,0,0,0,0,0,0,0,0,0,0,0,0,0,0,0,0,0,0,0,0,0,0,0,0,0,0,0,0,0,0,0,0,0,0,0,0,0,0,0,0,0,0,0,0
1312,Ward Pct 1312,1002,828,0,428,375,4,11,6,386,390,41,1,0,0,0,0,0,0,0,0,0,289,524,1,0,0,0,384,425,1,0,0,0,0,0,0,0,0,0,0,0,0,0,0,0,0,0,0,0,0,0,0,409,394,2,646,18,0,0,0,0,0,316,482,1,417,383,1,650,13,646,14,0,0,0,0,0,0,0,0,0,0,0,0,0,0,0,0,0,0,0,0,0,0,0,0,0,0,0,0,0,0,0,0,0,0,0,0,0,0,0,0,0,0,0,0,0,0,0,0,0,0,0
1313,Ward Pct 1313,0,0,0,0,0,0,0,0,0,0,0,0,0,0,0,0,0,0,0,0,0,0,0,0,0,0,0,0,0,0,0,0,0,0,0,0,0,0,0,0,0,0,0,0,0,0,0,0,0,0,0,0,0,0,0,0,0,0,0,0,0,0,0,0,0,0,0,0,0,0,0,0,0,0,0,0,0,0,0,0,0,0,0,0,0,0,0,0,0,0,0,0,0,0,0,0,0,0,0,0,0,0,0,0,0,0,0,0,0,0,0,0,0,0,0,0,0,0,0,0,0,0,0
1321,Ward Pct 1321,158,94,0,50,40,3,1,0,49,36,8,0,0,0,0,0,0,0,0,0,0,44,47,0,0,0,0,48,42,0,0,0,0,0,0,0,0,0,0,0,0,0,0,0,0,0,0,0,0,0,0,0,48,40,0,67,5,0,0,0,66,4,47,42,0,48,41,0,65,5,65,5,0,0,0,0,0,0,0,0,0,0,0,0,0,0,0,0,0,0,0,0,0,0,0,0,0,0,0,0,0,0,0,0,0,0,0,0,0,0,0,0,0,0,0,0,0,0,0,0,0,0,0
1322,Ward Pct 1322,139,99,0,45,49,2,2,1,39,49,9,0,0,0,0,0,0,0,0,0,0,40,55,1,0,0,0,40,55,0,0,0,0,0,0,0,0,0,0,0,0,0,0,0,0,0,0,0,0,0,0,0,48,49,0,81,1,0,0,0,82,1,40,56,0,49,47,1,82,1,80,1,0,0,0,0,0,0,0,0,0,0,0,0,0,0,0,0,0,0,0,0,0,0,0,0,0,0,0,0,0,0,0,0,0,0,0,0,0,0,0,0,0,0,0,0,0,0,0,0,0,0,0
1330,Ward Pct 1330,366,252,0,123,122,0,3,2,114,122,11,1,0,0,0,119,125,0,0,0,0,0,0,0,0,0,0,0,0,0,113,118,12,0,0,0,0,0,0,0,0,0,0,0,0,0,0,0,0,0,0,0,0,0,0,187,8,0,0,0,0,0,114,132,0,129,117,0,192,5,195,3,0,0,0,0,0,0,0,0,0,0,0,0,0,0,0,0,0,0,0,0,0,0,0,0,0,0,0,0,0,0,0,0,0,0,0,0,0,0,0,0,0,0,0,0,0,0,0,0,0,0,0
1401,Ward Pct 1401,944,721,0,359,341,3,8,9,335,326,49,0,0,0,0,0,0,0,0,0,0,276,429,1,0,0,0,0,0,0,0,0,0,0,0,0,0,0,0,0,365,340,0,0,0,0,0,0,0,0,0,0,359,340,0,551,29,0,0,0,545,22,305,396,1,366,335,0,560,18,554,28,0,0,0,0,0,0,0,0,0,0,0,0,0,0,0,0,0,0,0,0,0,0,0,0,0,0,0,0,0,0,0,0,0,0,0,0,0,0,0,0,0,0,0,0,0,0,0,0,0,0,0
1402,Ward Pct 1402,839,683,0,300,360,3,13,4,285,353,32,0,0,0,0,0,0,0,0,0,0,229,436,0,0,0,0,0,0,0,0,0,0,0,0,0,0,0,0,0,292,364,1,0,0,0,0,0,0,0,0,0,298,348,0,530,15,0,0,0,528,15,239,409,1,301,348,0,540,7,530,10,0,0,0,0,0,0,0,0,0,0,0,0,0,0,0,0,0,0,0,0,0,0,0,0,0,0,0,0,0,0,0,0,0,0,0,0,0,0,0,0,0,0,0,0,0,0,0,0,0,0,0
1403,Ward Pct 1403,460,387,0,177,201,0,6,1,163,197,21,0,0,0,0,0,0,0,0,0,0,126,247,1,0,0,0,0,0,0,0,0,0,0,0,0,0,0,0,0,168,202,1,0,0,0,0,0,0,0,0,0,163,203,0,312,3,0,0,0,293,2,145,220,1,184,181,0,297,2,296,5,0,0,0,0,0,0,0,0,0,0,0,0,0,0,0,0,0,0,0,0,0,0,0,0,0,0,0,0,0,0,0,0,0,0,0,0,0,0,0,0,0,0,0,0,0,0,0,0,0,0,0
1404,Ward Pct 1404,1126,898,0,393,483,5,5,3,369,491,22,0,0,0,0,0,0,0,0,0,0,256,622,2,0,0,0,338,544,1,0,0,0,0,0,0,0,0,0,0,0,0,0,0,0,0,0,0,0,0,0,0,389,490,1,704,22,0,0,0,697,22,302,571,1,385,484,3,709,13,695,16,0,0,0,0,0,0,0,0,0,0,0,0,0,0,0,0,0,0,0,0,0,0,0,0,0,0,0,0,0,0,0,0,0,0,0,0,0,0,0,0,0,0,0,0,0,0,0,0,0,0,0
1405,Ward Pct 1405,504,398,0,150,232,3,7,5,138,237,13,0,0,0,0,0,0,0,0,0,0,97,288,1,0,0,0,124,267,0,0,0,0,0,0,0,0,0,0,0,0,0,0,0,0,0,0,0,0,0,0,0,146,239,0,317,6,0,0,0,316,5,111,270,0,153,231,0,320,3,315,4,0,0,0,0,0,0,0,0,0,0,0,0,0,0,0,0,0,0,0,0,0,0,0,0,0,0,0,0,0,0,0,0,0,0,0,0,0,0,0,0,0,0,0,0,0,0,0,0,0,0,0
1501,Ward Pct 1501,884,599,0,297,282,3,10,1,272,268,47,1,287,297,2,0,0,0,0,0,0,0,0,0,0,0,0,0,0,0,0,0,0,0,0,0,0,0,0,0,298,288,0,0,0,0,0,0,0,284,284,0,0,0,0,455,20,0,0,0,454,22,262,317,1,309,267,0,456,17,450,20,0,0,0,0,0,0,0,0,0,0,0,0,0,0,0,0,0,0,0,0,0,0,0,0,0,0,0,0,0,0,0,0,0,0,0,0,0,0,0,0,0,0,0,0,0,0,0,0,0,0,0
1502,Ward Pct 1502,552,410,0,203,199,2,3,1,190,195,18,0,190,209,0,0,0,0,0,0,0,0,0,0,0,0,0,0,0,0,0,0,0,0,0,0,0,0,0,0,201,200,0,0,0,0,0,0,0,192,206,0,0,0,0,325,14,0,0,0,309,16,172,227,0,208,191,0,314,12,312,13,0,0,0,0,0,0,0,0,0,0,0,0,0,0,0,0,0,0,0,0,0,0,0,0,0,0,0,0,0,0,0,0,0,0,0,0,0,0,0,0,0,0,0,0,0,0,0,0,0,0,0
1503,Ward Pct 1503,74,57,0,27,29,1,0,0,26,29,2,0,28,29,0,0,0,0,0,0,0,0,0,0,0,0,0,0,0,0,0,0,0,0,0,0,0,0,0,0,27,30,0,0,0,0,0,0,0,29,27,0,0,0,0,45,2,0,0,0,45,1,23,33,0,28,26,0,44,1,43,1,0,0,0,0,0,0,0,0,0,0,0,0,0,0,0,0,0,0,0,0,0,0,0,0,0,0,0,0,0,0,0,0,0,0,0,0,0,0,0,0,0,0,0,0,0,0,0,0,0,0,0
,COUNTY TOTALS,118792,82702,7,40308,39901,480,1130,523,38022,37673,5216,50,4403,5242,9,6406,10771,16,12200,6991,37,13599,20254,77,4396,8663,14,6097,7646,10,5556,4742,575,11,2772,5120,12,5662,3292,8,5925,4918,18,4140,2882,5,4759,2731,3,4190,5248,13,29318,23393,68,61583,2919,11033,9433,49,22658,1015,34927,44283,86,41668,37526,97,62305,1922,61537,2156,1560,32,721,31,406,10,869,24,5060,107,1717,22,843,20,785,71,7374,142,3602,91,301,8,1206,58,1450,27,674,39,411,6,870,13,4812,99,1697,22,833,20,930,23,5650,2815,14,3574,92,300,9,1219,40,86,69
